Workbook

Sheet Inp_CER_Bin_2eps3arms
A1: ModelID | B1: Scenario | C1: Method | D1: SampleSize | E1: alpha | F1: TestStatCont | G1: CommonStdDev | H1: TestStatBin | I1: FWERControl | J1: nArms | K1: nEps | L1: lEpType | M1: Arms.Mean | N1: Arms.std.dev | O1: Arms.Prop | P1: Arms.alloc.ratio | Q1: EP.Corr | R1: WI | S1: G | T1: test.type | U1: info_frac | V1: typeOfDesign | W1: MultipleWinners | X1: Selection | Y1: SelectionLook | Z1: SelectEndPoint | AA1: SelectionScale | AB1: SelectionCriterion | AC1: SelectionParmeter | AD1: KeepAssosiatedEps | AE1: ImplicitSSR | AF1: nSimulation | AG1: nSimulation_Stage2 | AH1: Seed | AI1: SummaryStat | AJ1: plotGraphs | AK1: Parallel | AL1: UseCC | AM1: Matching.Pair | AN1: Test.Suite | AO1: Compare.Set
A2: 1 | B2: No selection, Partly-Parametric | C2: CER | D2: 600 | E2: 0.025 | F2: NA | G2: NA | H2: UnPooled | I2: CombinationTest | J2: 3 | K2: 2 | L2: list('EP1' = 'Binary', 'EP2' = 'Binary') | M2: NA | N2: NA | O2: list('EP1' = c(0.4, 0.4, 0.4), 'EP2' = c(0.5, 0.5, 0.5)) | P2: c(1,1,1) | Q2: matrix(c(1, 0.5, 0.5, 1), nrow = nEps) | R2: c(rep(1/4, 4)) | S2: rbind(H1=c(0, 1/3, 1/3, 1/3), H2=c(1/3, 0, 1/3, 1/3), H3=c(1/3, 1/3, 0, 1/3), H4=c(1/3, 1/3, 1/3, 0)) | T2: Partly-Parametric | U2: c(0.5, 1) | V2: asOF | W2: FALSE | X2: FALSE | Y2: NA | Z2: NA | AA2: NA | AB2: NA | AC2: NA | AD2: NA | AE2: None | AF2: 20000 | AG2: 2000 | AH2: 1234 | AI2: TRUE | AJ2: FALSE | AK2: TRUE | AL2: TRUE
A3: 2 | B3: No selection, Partly-Parametric | C3: CER | D3: 1500 | E3: 0.025 | F3: NA | G3: NA | H3: UnPooled | I3: CombinationTest | J3: 3 | K3: 2 | L3: list('EP1' = 'Binary', 'EP2' = 'Binary') | M3: NA | N3: NA | O3: list('EP1' = c(0.4, 0.4, 0.4), 'EP2' = c(0.5, 0.5, 0.5)) | P3: c(1,1,1) | Q3: matrix(c(1, 0.5, 0.5, 1), nrow = nEps) | R3: c(rep(1/4, 4)) | S3: rbind(H1=c(0, 1/3, 1/3, 1/3), H2=c(1/3, 0, 1/3, 1/3), H3=c(1/3, 1/3, 0, 1/3), H4=c(1/3, 1/3, 1/3, 0)) | T3: Partly-Parametric | U3: c(0.5, 1) | V3: asOF | W3: FALSE | X3: FALSE | Y3: NA | Z3: NA | AA3: NA | AB3: NA | AC3: NA | AD3: NA | AE3: None | AF3: 20000 | AG3: 2000 | AH3: 1234 | AI3: TRUE | AJ3: FALSE | AK3: TRUE | AL3: TRUE
A4: 3 | B4: No selection, Partly-Parametric | C4: CER | D4: 3000 | E4: 0.025 | F4: NA | G4: NA | H4: UnPooled | I4: CombinationTest | J4: 3 | K4: 2 | L4: list('EP1' = 'Binary', 'EP2' = 'Binary') | M4: NA | N4: NA | O4: list('EP1' = c(0.4, 0.4, 0.4), 'EP2' = c(0.5, 0.5, 0.5)) | P4: c(1,1,1) | Q4: matrix(c(1, 0.5, 0.5, 1), nrow = nEps) | R4: c(rep(1/4, 4)) | S4: rbind(H1=c(0, 1/3, 1/3, 1/3), H2=c(1/3, 0, 1/3, 1/3), H3=c(1/3, 1/3, 0, 1/3), H4=c(1/3, 1/3, 1/3, 0)) | T4: Partly-Parametric | U4: c(0.5, 1) | V4: asOF | W4: FALSE | X4: FALSE | Y4: NA | Z4: NA | AA4: NA | AB4: NA | AC4: NA | AD4: NA | AE4: None | AF4: 20000 | AG4: 2000 | AH4: 1234 | AI4: TRUE | AJ4: FALSE | AK4: TRUE | AL4: TRUE
A5: 4 | B5: No selection, Partly-Parametric | C5: CER | D5: 5000 | E5: 0.025 | F5: NA | G5: NA | H5: UnPooled | I5: CombinationTest | J5: 3 | K5: 2 | L5: list('EP1' = 'Binary', 'EP2' = 'Binary') | M5: NA | N5: NA | O5: list('EP1' = c(0.4, 0.4, 0.4), 'EP2' = c(0.5, 0.5, 0.5)) | P5: c(1,1,1) | Q5: matrix(c(1, 0.5, 0.5, 1), nrow = nEps) | R5: c(rep(1/4, 4)) | S5: rbind(H1=c(0, 1/3, 1/3, 1/3), H2=c(1/3, 0, 1/3, 1/3), H3=c(1/3, 1/3, 0, 1/3), H4=c(1/3, 1/3, 1/3, 0)) | T5: Partly-Parametric | U5: c(0.5, 1) | V5: asOF | W5: FALSE | X5: FALSE | Y5: NA | Z5: NA | AA5: NA | AB5: NA | AC5: NA | AD5: NA | AE5: None | AF5: 20000 | AG5: 2000 | AH5: 1234 | AI5: TRUE | AJ5: FALSE | AK5: TRUE | AL5: TRUE
A6: 5 | B6: Fut=0.25,N=600,MultWin=F | C6: CER | D6: 600 | E6: 0.025 | F6: NA | G6: NA | H6: UnPooled | I6: CombinationTest | J6: 3 | K6: 2 | L6: list('EP1' = 'Binary', 'EP2' = 'Binary') | M6: NA | N6: NA | O6: list('EP1' = c(0.4, 0.4, 0.4), 'EP2' = c(0.5, 0.5, 0.5)) | P6: c(1,1,1) | Q6: matrix(c(1, 0.5, 0.5, 1), nrow = nEps) | R6: c(rep(1/4, 4)) | S6: rbind(H1=c(0, 1/3, 1/3, 1/3), H2=c(1/3, 0, 1/3, 1/3), H3=c(1/3, 1/3, 0, 1/3), H4=c(1/3, 1/3, 1/3, 0)) | T6: Partly-Parametric | U6: c(0.5, 1) | V6: asOF | W6: FALSE | X6: TRUE | Y6: 1 | Z6: 1 | AA6: pvalue | AB6: threshold | AC6: 0.25 | AD6: TRUE | AE6: Selection | AF6: 20000 | AG6: 2000 | AH6: 745664 | AI6: TRUE | AJ6: FALSE | AK6: TRUE | AL6: TRUE
A7: 6 | B7: Fut=0.25,N=2000,MultWin=F | C7: CER | D7: 2000 | E7: 0.025 | F7: NA | G7: NA | H7: UnPooled | I7: CombinationTest | J7: 3 | K7: 2 | L7: list('EP1' = 'Binary', 'EP2' = 'Binary') | M7: NA | N7: NA | O7: list('EP1' = c(0.4, 0.4, 0.4), 'EP2' = c(0.5, 0.5, 0.5)) | P7: c(1,1,1) | Q7: matrix(c(1, 0.5, 0.5, 1), nrow = nEps) | R7: c(rep(1/4, 4)) | S7: rbind(H1=c(0, 1/3, 1/3, 1/3), H2=c(1/3, 0, 1/3, 1/3), H3=c(1/3, 1/3, 0, 1/3), H4=c(1/3, 1/3, 1/3, 0)) | T7: Partly-Parametric | U7: c(0.5, 1) | V7: asOF | W7: FALSE | X7: TRUE | Y7: 1 | Z7: 1 | AA7: pvalue | AB7: threshold | AC7: 0.25 | AD7: TRUE | AE7: Selection | AF7: 20000 | AG7: 2000 | AH7: 745664 | AI7: TRUE | AJ7: FALSE | AK7: TRUE | AL7: TRUE
A8: 7 | B8: Best=1,N=600,MultWin=F | C8: CER | D8: 600 | E8: 0.025 | F8: NA | G8: NA | H8: UnPooled | I8: CombinationTest | J8: 3 | K8: 2 | L8: list('EP1' = 'Binary', 'EP2' = 'Binary') | M8: NA | N8: NA | O8: list('EP1' = c(0.4, 0.4, 0.4), 'EP2' = c(0.5, 0.5, 0.5)) | P8: c(1,1,1) | Q8: matrix(c(1, 0.5, 0.5, 1), nrow = nEps) | R8: c(rep(1/4, 4)) | S8: rbind(H1=c(0, 1/3, 1/3, 1/3), H2=c(1/3, 0, 1/3, 1/3), H3=c(1/3, 1/3, 0, 1/3), H4=c(1/3, 1/3, 1/3, 0)) | T8: Partly-Parametric | U8: c(0.5, 1) | V8: asOF | W8: FALSE | X8: TRUE | Y8: 1 | Z8: 1 | AA8: pvalue | AB8: best | AC8: 1 | AD8: TRUE | AE8: Selection | AF8: 20000 | AG8: 2000 | AH8: 745664 | AI8: TRUE | AJ8: FALSE | AK8: TRUE | AL8: TRUE
A9: 8 | B9: Best=1,N=2000,MultWin=F | C9: CER | D9: 2000 | E9: 0.025 | F9: NA | G9: NA | H9: UnPooled | I9: CombinationTest | J9: 3 | K9: 2 | L9: list('EP1' = 'Binary', 'EP2' = 'Binary') | M9: NA | N9: NA | O9: list('EP1' = c(0.4, 0.4, 0.4), 'EP2' = c(0.5, 0.5, 0.5)) | P9: c(1,1,1) | Q9: matrix(c(1, 0.5, 0.5, 1), nrow = nEps) | R9: c(rep(1/4, 4)) | S9: rbind(H1=c(0, 1/3, 1/3, 1/3), H2=c(1/3, 0, 1/3, 1/3), H3=c(1/3, 1/3, 0, 1/3), H4=c(1/3, 1/3, 1/3, 0)) | T9: Partly-Parametric | U9: c(0.5, 1) | V9: asOF | W9: FALSE | X9: TRUE | Y9: 1 | Z9: 1 | AA9: pvalue | AB9: best | AC9: 1 | AD9: TRUE | AE9: Selection | AF9: 20000 | AG9: 2000 | AH9: 745664 | AI9: TRUE | AJ9: FALSE | AK9: TRUE | AL9: TRUE
A10: 9 | B10: No selection,N=2000,MultWin=T | C10: CER | D10: 2000 | E10: 0.025 | F10: NA | G10: NA | H10: UnPooled | I10: CombinationTest | J10: 3 | K10: 2 | L10: list('EP1' = 'Binary', 'EP2' = 'Binary') | M10: NA | N10: NA | O10: list('EP1' = c(0.4, 0.4, 0.4), 'EP2' = c(0.5, 0.5, 0.5)) | P10: c(1,1,1) | Q10: matrix(c(1, 0.5, 0.5, 1), nrow = nEps) | R10: c(rep(1/4, 4)) | S10: rbind(H1=c(0, 1/3, 1/3, 1/3), H2=c(1/3, 0, 1/3, 1/3), H3=c(1/3, 1/3, 0, 1/3), H4=c(1/3, 1/3, 1/3, 0)) | T10: Partly-Parametric | U10: c(0.5, 1) | V10: asOF | W10: TRUE | X10: FALSE | Y10: NA | Z10: NA | AA10: NA | AB10: NA | AC10: NA | AD10: NA | AE10: None | AF10: 20000 | AG10: 2000 | AH10: 6534 | AI10: TRUE | AJ10: FALSE | AK10: TRUE | AL10: TRUE
A11: 10 | B11: Fut=0.25,N=2000,MultWin=T | C11: CER | D11: 2000 | E11: 0.025 | F11: NA | G11: NA | H11: UnPooled | I11: CombinationTest | J11: 3 | K11: 2 | L11: list('EP1' = 'Binary', 'EP2' = 'Binary') | M11: NA | N11: NA | O11: list('EP1' = c(0.4, 0.4, 0.4), 'EP2' = c(0.5, 0.5, 0.5)) | P11: c(1,1,1) | Q11: matrix(c(1, 0.5, 0.5, 1), nrow = nEps) | R11: c(rep(1/4, 4)) | S11: rbind(H1=c(0, 1/3, 1/3, 1/3), H2=c(1/3, 0, 1/3, 1/3), H3=c(1/3, 1/3, 0, 1/3), H4=c(1/3, 1/3, 1/3, 0)) | T11: Partly-Parametric | U11: c(0.5, 1) | V11: asOF | W11: TRUE | X11: TRUE | Y11: 1 | Z11: 1 | AA11: pvalue | AB11: threshold | AC11: 0.25 | AD11: TRUE | AE11: Selection | AF11: 20000 | AG11: 2000 | AH11: 6534 | AI11: TRUE | AJ11: FALSE | AK11: TRUE | AL11: TRUE
A12: 11 | B12: Best=1,N=2000,MultWin=T | C12: CER | D12: 2000 | E12: 0.025 | F12: NA | G12: NA | H12: UnPooled | I12: CombinationTest | J12: 3 | K12: 2 | L12: list('EP1' = 'Binary', 'EP2' = 'Binary') | M12: NA | N12: NA | O12: list('EP1' = c(0.4, 0.4, 0.4), 'EP2' = c(0.5, 0.5, 0.5)) | P12: c(1,1,1) | Q12: matrix(c(1, 0.5, 0.5, 1), nrow = nEps) | R12: c(rep(1/4, 4)) | S12: rbind(H1=c(0, 1/3, 1/3, 1/3), H2=c(1/3, 0, 1/3, 1/3), H3=c(1/3, 1/3, 0, 1/3), H4=c(1/3, 1/3, 1/3, 0)) | T12: Partly-Parametric | U12: c(0.5, 1) | V12: asOF | W12: TRUE | X12: TRUE | Y12: 1 | Z12: 1 | AA12: pvalue | AB12: best | AC12: 1 | AD12: TRUE | AE12: Selection | AF12: 20000 | AG12: 2000 | AH12: 6534 | AI12: TRUE | AJ12: FALSE | AK12: TRUE | AL12: TRUE
A13: 12 | B13: No selection,N=2000,Pooled | C13: CER | D13: 2000 | E13: 0.025 | F13: NA | G13: NA | H13: Pooled | I13: CombinationTest | J13: 3 | K13: 2 | L13: list('EP1' = 'Binary', 'EP2' = 'Binary') | M13: NA | N13: NA | O13: list('EP1' = c(0.4, 0.4, 0.4), 'EP2' = c(0.5, 0.5, 0.5)) | P13: c(1,1,1) | Q13: matrix(c(1, 0.5, 0.5, 1), nrow = nEps) | R13: c(rep(1/4, 4)) | S13: rbind(H1=c(0, 1/3, 1/3, 1/3), H2=c(1/3, 0, 1/3, 1/3), H3=c(1/3, 1/3, 0, 1/3), H4=c(1/3, 1/3, 1/3, 0)) | T13: Partly-Parametric | U13: c(0.5, 1) | V13: asOF | W13: FALSE | X13: FALSE | Y13: NA | Z13: NA | AA13: NA | AB13: NA | AC13: NA | AD13: NA | AE13: None | AF13: 20000 | AG13: 2000 | AH13: 6534 | AI13: TRUE | AJ13: FALSE | AK13: TRUE | AL13: TRUE
A14: 13 | B14: Fut=0.25,N=2000,Pooled | C14: CER | D14: 2000 | E14: 0.025 | F14: NA | G14: NA | H14: Pooled | I14: CombinationTest | J14: 3 | K14: 2 | L14: list('EP1' = 'Binary', 'EP2' = 'Binary') | M14: NA | N14: NA | O14: list('EP1' = c(0.4, 0.4, 0.4), 'EP2' = c(0.5, 0.5, 0.5)) | P14: c(1,1,1) | Q14: matrix(c(1, 0.5, 0.5, 1), nrow = nEps) | R14: c(rep(1/4, 4)) | S14: rbind(H1=c(0, 1/3, 1/3, 1/3), H2=c(1/3, 0, 1/3, 1/3), H3=c(1/3, 1/3, 0, 1/3), H4=c(1/3, 1/3, 1/3, 0)) | T14: Partly-Parametric | U14: c(0.5, 1) | V14: asOF | W14: FALSE | X14: TRUE | Y14: 1 | Z14: 1 | AA14: pvalue | AB14: threshold | AC14: 0.25 | AD14: TRUE | AE14: Selection | AF14: 20000 | AG14: 2000 | AH14: 6534 | AI14: TRUE | AJ14: FALSE | AK14: TRUE | AL14: TRUE
A15: 14 | B15: Best=1,N=2000,Pooled | C15: CER | D15: 2000 | E15: 0.025 | F15: NA | G15: NA | H15: Pooled | I15: CombinationTest | J15: 3 | K15: 2 | L15: list('EP1' = 'Binary', 'EP2' = 'Binary') | M15: NA | N15: NA | O15: list('EP1' = c(0.4, 0.4, 0.4), 'EP2' = c(0.5, 0.5, 0.5)) | P15: c(1,1,1) | Q15: matrix(c(1, 0.5, 0.5, 1), nrow = nEps) | R15: c(rep(1/4, 4)) | S15: rbind(H1=c(0, 1/3, 1/3, 1/3), H2=c(1/3, 0, 1/3, 1/3), H3=c(1/3, 1/3, 0, 1/3), H4=c(1/3, 1/3, 1/3, 0)) | T15: Partly-Parametric | U15: c(0.5, 1) | V15: asOF | W15: FALSE | X15: TRUE | Y15: 1 | Z15: 1 | AA15: pvalue | AB15: best | AC15: 1 | AD15: TRUE | AE15: Selection | AF15: 20000 | AG15: 2000 | AH15: 6534 | AI15: TRUE | AJ15: FALSE | AK15: TRUE | AL15: TRUE
A16: 15 | B16: No selection,N=2000,CumStat | C16: CER | D16: 2000 | E16: 0.025 | F16: NA | G16: NA | H16: UnPooled | I16: None | J16: 3 | K16: 2 | L16: list('EP1' = 'Binary', 'EP2' = 'Binary') | M16: NA | N16: NA | O16: list('EP1' = c(0.4, 0.4, 0.4), 'EP2' = c(0.5, 0.5, 0.5)) | P16: c(1,1,1) | Q16: matrix(c(1, 0.5, 0.5, 1), nrow = nEps) | R16: c(rep(1/4, 4)) | S16: rbind(H1=c(0, 1/3, 1/3, 1/3), H2=c(1/3, 0, 1/3, 1/3), H3=c(1/3, 1/3, 0, 1/3), H4=c(1/3, 1/3, 1/3, 0)) | T16: Partly-Parametric | U16: c(0.5, 1) | V16: asOF | W16: FALSE | X16: FALSE | Y16: NA | Z16: NA | AA16: NA | AB16: NA | AC16: NA | AD16: NA | AE16: None | AF16: 20000 | AG16: 2000 | AH16: 6534 | AI16: TRUE | AJ16: FALSE | AK16: TRUE | AL16: TRUE
A17: 16 | B17: Fut=0.25,N=2000,CumStat | C17: CER | D17: 2000 | E17: 0.025 | F17: NA | G17: NA | H17: UnPooled | I17: None | J17: 3 | K17: 2 | L17: list('EP1' = 'Binary', 'EP2' = 'Binary') | M17: NA | N17: NA | O17: list('EP1' = c(0.4, 0.4, 0.4), 'EP2' = c(0.5, 0.5, 0.5)) | P17: c(1,1,1) | Q17: matrix(c(1, 0.5, 0.5, 1), nrow = nEps) | R17: c(rep(1/4, 4)) | S17: rbind(H1=c(0, 1/3, 1/3, 1/3), H2=c(1/3, 0, 1/3, 1/3), H3=c(1/3, 1/3, 0, 1/3), H4=c(1/3, 1/3, 1/3, 0)) | T17: Partly-Parametric | U17: c(0.5, 1) | V17: asOF | W17: FALSE | X17: TRUE | Y17: 1 | Z17: 1 | AA17: pvalue | AB17: threshold | AC17: 0.25 | AD17: TRUE | AE17: Selection | AF17: 20000 | AG17: 2000 | AH17: 6534 | AI17: TRUE | AJ17: FALSE | AK17: TRUE | AL17: TRUE
A18: 17 | B18: Best=1,N=2000,CumStat | C18: CER | D18: 2000 | E18: 0.025 | F18: NA | G18: NA | H18: UnPooled | I18: None | J18: 3 | K18: 2 | L18: list('EP1' = 'Binary', 'EP2' = 'Binary') | M18: NA | N18: NA | O18: list('EP1' = c(0.4, 0.4, 0.4), 'EP2' = c(0.5, 0.5, 0.5)) | P18: c(1,1,1) | Q18: matrix(c(1, 0.5, 0.5, 1), nrow = nEps) | R18: c(rep(1/4, 4)) | S18: rbind(H1=c(0, 1/3, 1/3, 1/3), H2=c(1/3, 0, 1/3, 1/3), H3=c(1/3, 1/3, 0, 1/3), H4=c(1/3, 1/3, 1/3, 0)) | T18: Partly-Parametric | U18: c(0.5, 1) | V18: asOF | W18: FALSE | X18: TRUE | Y18: 1 | Z18: 1 | AA18: pvalue | AB18: best | AC18: 1 | AD18: TRUE | AE18: Selection | AF18: 20000 | AG18: 2000 | AH18: 6534 | AI18: TRUE | AJ18: FALSE | AK18: TRUE | AL18: TRUE
A19: 18 | B19: S0, No Select, No CC, CPV | C19: CombPValue | D19: 2000 | E19: 0.025 | F19: NA | G19: NA | H19: UnPooled | I19: CombinationTest | J19: 5 | K19: 2 | L19: list(EP1 = "Binary", EP2 = "Binary") | M19: NA | N19: NA | O19: list(EP1 = c(0.22, 0.22, 0.22, 0.22, 0.22), EP2 = c(0.1, 0.1, 0.1, 0.1, 0.1)) | P19: c(1,1,1,1,1) | Q19: matrix(c(1, 0.5, 0.5, 1), byrow = T, nrow = 2) | R19: c(0.25,0.25,0.25,0.25, 0, 0, 0, 0) | S19: matrix(c(0,1/12,1/12,1/12,3/4,0,0,0, 1/12,0,1/12,1/12,0,3/4,0,0, 1/12,1/12,0,1/12,0,0,3/4,0, 1/12,1/12,1/12,0,0,0,0,3/4, 0,1/3,1/3,1/3,0,0,0,0, 1/3,0,1/3,1/3,0,0,0,0, 1/3,1/3,0,1/3,0,0,0,0, 1/3,1/3,1/3,0,0,0,0,0), nrow = nEps*(nArms-1), byrow = T) | T19: Partly-Parametric | U19: c(0.5, 1) | V19: asOF | W19: TRUE | X19: FALSE | Y19: NA | Z19: NA | AA19: NA | AB19: NA | AC19: NA | AD19: NA | AE19: None | AF19: 20000 | AG19: 500 | AH19: Random | AI19: FALSE | AJ19: FALSE | AK19: TRUE | AL19: FALSE
A20: 19 | B20: S0, No Select, No CC, CER | C20: CER | D20: 2000 | E20: 0.025 | F20: NA | G20: NA | H20: UnPooled | I20: CombinationTest | J20: 5 | K20: 2 | L20: list(EP1 = "Binary", EP2 = "Binary") | M20: NA | N20: NA | O20: list(EP1 = c(0.22, 0.22, 0.22, 0.22, 0.22), EP2 = c(0.1, 0.1, 0.1, 0.1, 0.1)) | P20: c(1,1,1,1,1) | Q20: matrix(c(1, 0.5, 0.5, 1), byrow = T, nrow = 2) | R20: c(0.25,0.25,0.25,0.25, 0, 0, 0, 0) | S20: matrix(c(0,1/12,1/12,1/12,3/4,0,0,0, 1/12,0,1/12,1/12,0,3/4,0,0, 1/12,1/12,0,1/12,0,0,3/4,0, 1/12,1/12,1/12,0,0,0,0,3/4, 0,1/3,1/3,1/3,0,0,0,0, 1/3,0,1/3,1/3,0,0,0,0, 1/3,1/3,0,1/3,0,0,0,0, 1/3,1/3,1/3,0,0,0,0,0), nrow = nEps*(nArms-1), byrow = T) | T20: Partly-Parametric | U20: c(0.5, 1) | V20: asOF | W20: TRUE | X20: FALSE | Y20: NA | Z20: NA | AA20: NA | AB20: NA | AC20: NA | AD20: NA | AE20: None | AF20: 20000 | AG20: 500 | AH20: Random | AI20: FALSE | AJ20: FALSE | AK20: TRUE | AL20: FALSE
A21: 20 | B21: S0, Conservative, No CC, CPV | C21: CombPValue | D21: 2000 | E21: 0.025 | F21: NA | G21: NA | H21: UnPooled | I21: CombinationTest | J21: 5 | K21: 2 | L21: list(EP1 = "Binary", EP2 = "Binary") | M21: NA | N21: NA | O21: list(EP1 = c(0.22, 0.22, 0.22, 0.22, 0.22), EP2 = c(0.1, 0.1, 0.1, 0.1, 0.1)) | P21: c(1,1,1,1,1) | Q21: matrix(c(1,0.5,0.5,1),nrow = 2) | R21: c(0.25,0.25,0.25,0.25, 0, 0, 0, 0) | S21: matrix(c(0,1/12,1/12,1/12,3/4,0,0,0, 1/12,0,1/12,1/12,0,3/4,0,0, 1/12,1/12,0,1/12,0,0,3/4,0, 1/12,1/12,1/12,0,0,0,0,3/4, 0,1/3,1/3,1/3,0,0,0,0, 1/3,0,1/3,1/3,0,0,0,0, 1/3,1/3,0,1/3,0,0,0,0, 1/3,1/3,1/3,0,0,0,0,0), nrow = nEps*(nArms-1), byrow = T) | T21: Partly-Parametric | U21: c(1/2,1) | V21: asOF | W21: TRUE | X21: TRUE | Y21: 1 | Z21: 1 | AA21: pvalue | AB21: threshold | AC21: 0.75 | AD21: TRUE | AE21: Selection | AF21: 20000 | AG21: 500 | AH21: Random | AI21: FALSE | AJ21: FALSE | AK21: TRUE | AL21: FALSE
A22: 21 | B22: S0, Conservative, No CC, CER | C22: CER | D22: 2000 | E22: 0.025 | F22: NA | G22: NA | H22: UnPooled | I22: CombinationTest | J22: 5 | K22: 2 | L22: list(EP1 = "Binary", EP2 = "Binary") | M22: NA | N22: NA | O22: list(EP1 = c(0.22, 0.22, 0.22, 0.22, 0.22), EP2 = c(0.1, 0.1, 0.1, 0.1, 0.1)) | P22: c(1,1,1,1,1) | Q22: matrix(c(1,0.5,0.5,1),nrow = 2) | R22: c(0.25,0.25,0.25,0.25, 0, 0, 0, 0) | S22: matrix(c(0,1/12,1/12,1/12,3/4,0,0,0, 1/12,0,1/12,1/12,0,3/4,0,0, 1/12,1/12,0,1/12,0,0,3/4,0, 1/12,1/12,1/12,0,0,0,0,3/4, 0,1/3,1/3,1/3,0,0,0,0, 1/3,0,1/3,1/3,0,0,0,0, 1/3,1/3,0,1/3,0,0,0,0, 1/3,1/3,1/3,0,0,0,0,0), nrow = nEps*(nArms-1), byrow = T) | T22: Partly-Parametric | U22: c(1/2,1) | V22: asOF | W22: TRUE | X22: TRUE | Y22: 1 | Z22: 1 | AA22: pvalue | AB22: threshold | AC22: 0.75 | AD22: TRUE | AE22: Selection | AF22: 20000 | AG22: 500 | AH22: Random | AI22: FALSE | AJ22: FALSE | AK22: TRUE | AL22: FALSE
A23: 22 | B23: S0, Normal, No CC, CPV | C23: CombPValue | D23: 2000 | E23: 0.025 | F23: NA | G23: NA | H23: UnPooled | I23: CombinationTest | J23: 5 | K23: 2 | L23: list(EP1 = "Binary", EP2 = "Binary") | M23: NA | N23: NA | O23: list(EP1 = c(0.22, 0.22, 0.22, 0.22, 0.22), EP2 = c(0.1, 0.1, 0.1, 0.1, 0.1)) | P23: c(1,1,1,1,1) | Q23: matrix(c(1,0.5,0.5,1),nrow = 2) | R23: c(0.25,0.25,0.25,0.25, 0, 0, 0, 0) | S23: matrix(c(0,1/12,1/12,1/12,3/4,0,0,0, 1/12,0,1/12,1/12,0,3/4,0,0, 1/12,1/12,0,1/12,0,0,3/4,0, 1/12,1/12,1/12,0,0,0,0,3/4, 0,1/3,1/3,1/3,0,0,0,0, 1/3,0,1/3,1/3,0,0,0,0, 1/3,1/3,0,1/3,0,0,0,0, 1/3,1/3,1/3,0,0,0,0,0), nrow = nEps*(nArms-1), byrow = T) | T23: Partly-Parametric | U23: c(1/2,1) | V23: asOF | W23: TRUE | X23: TRUE | Y23: 1 | Z23: 1 | AA23: pvalue | AB23: threshold | AC23: 0.5 | AD23: TRUE | AE23: Selection | AF23: 20000 | AG23: 500 | AH23: Random | AI23: FALSE | AJ23: FALSE | AK23: TRUE | AL23: FALSE
A24: 23 | B24: S0, Normal, No CC, CER | C24: CER | D24: 2000 | E24: 0.025 | F24: NA | G24: NA | H24: UnPooled | I24: CombinationTest | J24: 5 | K24: 2 | L24: list(EP1 = "Binary", EP2 = "Binary") | M24: NA | N24: NA | O24: list(EP1 = c(0.22, 0.22, 0.22, 0.22, 0.22), EP2 = c(0.1, 0.1, 0.1, 0.1, 0.1)) | P24: c(1,1,1,1,1) | Q24: matrix(c(1,0.5,0.5,1),nrow = 2) | R24: c(0.25,0.25,0.25,0.25, 0, 0, 0, 0) | S24: matrix(c(0,1/12,1/12,1/12,3/4,0,0,0, 1/12,0,1/12,1/12,0,3/4,0,0, 1/12,1/12,0,1/12,0,0,3/4,0, 1/12,1/12,1/12,0,0,0,0,3/4, 0,1/3,1/3,1/3,0,0,0,0, 1/3,0,1/3,1/3,0,0,0,0, 1/3,1/3,0,1/3,0,0,0,0, 1/3,1/3,1/3,0,0,0,0,0), nrow = nEps*(nArms-1), byrow = T) | T24: Partly-Parametric | U24: c(1/2,1) | V24: asOF | W24: TRUE | X24: TRUE | Y24: 1 | Z24: 1 | AA24: pvalue | AB24: threshold | AC24: 0.5 | AD24: TRUE | AE24: Selection | AF24: 20000 | AG24: 500 | AH24: Random | AI24: FALSE | AJ24: FALSE | AK24: TRUE | AL24: FALSE
A25: 24 | B25: S0, Aggressive, No CC, CPV | C25: CombPValue | D25: 2000 | E25: 0.025 | F25: NA | G25: NA | H25: UnPooled | I25: CombinationTest | J25: 5 | K25: 2 | L25: list(EP1 = "Binary", EP2 = "Binary") | M25: NA | N25: NA | O25: list(EP1 = c(0.22, 0.22, 0.22, 0.22, 0.22), EP2 = c(0.1, 0.1, 0.1, 0.1, 0.1)) | P25: c(1,1,1,1,1) | Q25: matrix(c(1,0.5,0.5,1),nrow = 2) | R25: c(0.25,0.25,0.25,0.25, 0, 0, 0, 0) | S25: matrix(c(0,1/12,1/12,1/12,3/4,0,0,0, 1/12,0,1/12,1/12,0,3/4,0,0, 1/12,1/12,0,1/12,0,0,3/4,0, 1/12,1/12,1/12,0,0,0,0,3/4, 0,1/3,1/3,1/3,0,0,0,0, 1/3,0,1/3,1/3,0,0,0,0, 1/3,1/3,0,1/3,0,0,0,0, 1/3,1/3,1/3,0,0,0,0,0), nrow = nEps*(nArms-1), byrow = T) | T25: Partly-Parametric | U25: c(1/2,1) | V25: asOF | W25: TRUE | X25: TRUE | Y25: 1 | Z25: 1 | AA25: pvalue | AB25: threshold | AC25: 0.25 | AD25: TRUE | AE25: Selection | AF25: 20000 | AG25: 500 | AH25: Random | AI25: FALSE | AJ25: FALSE | AK25: TRUE | AL25: FALSE
A26: 25 | B26: S0, Aggressive, No CC, CER | C26: CER | D26: 2000 | E26: 0.025 | F26: NA | G26: NA | H26: UnPooled | I26: CombinationTest | J26: 5 | K26: 2 | L26: list(EP1 = "Binary", EP2 = "Binary") | M26: NA | N26: NA | O26: list(EP1 = c(0.22, 0.22, 0.22, 0.22, 0.22), EP2 = c(0.1, 0.1, 0.1, 0.1, 0.1)) | P26: c(1,1,1,1,1) | Q26: matrix(c(1,0.5,0.5,1),nrow = 2) | R26: c(0.25,0.25,0.25,0.25, 0, 0, 0, 0) | S26: matrix(c(0,1/12,1/12,1/12,3/4,0,0,0, 1/12,0,1/12,1/12,0,3/4,0,0, 1/12,1/12,0,1/12,0,0,3/4,0, 1/12,1/12,1/12,0,0,0,0,3/4, 0,1/3,1/3,1/3,0,0,0,0, 1/3,0,1/3,1/3,0,0,0,0, 1/3,1/3,0,1/3,0,0,0,0, 1/3,1/3,1/3,0,0,0,0,0), nrow = nEps*(nArms-1), byrow = T) | T26: Partly-Parametric | U26: c(1/2,1) | V26: asOF | W26: TRUE | X26: TRUE | Y26: 1 | Z26: 1 | AA26: pvalue | AB26: threshold | AC26: 0.25 | AD26: TRUE | AE26: Selection | AF26: 20000 | AG26: 500 | AH26: Random | AI26: FALSE | AJ26: FALSE | AK26: TRUE | AL26: FALSE
A27: 26 | B27: S0, Ultra Aggressive, No CC, CPV | C27: CombPValue | D27: 2000 | E27: 0.025 | F27: NA | G27: NA | H27: UnPooled | I27: CombinationTest | J27: 5 | K27: 2 | L27: list(EP1 = "Binary", EP2 = "Binary") | M27: NA | N27: NA | O27: list(EP1 = c(0.22, 0.22, 0.22, 0.22, 0.22), EP2 = c(0.1, 0.1, 0.1, 0.1, 0.1)) | P27: c(1,1,1,1,1) | Q27: matrix(c(1,0.5,0.5,1),nrow = 2) | R27: c(0.25,0.25,0.25,0.25, 0, 0, 0, 0) | S27: matrix(c(0,1/12,1/12,1/12,3/4,0,0,0, 1/12,0,1/12,1/12,0,3/4,0,0, 1/12,1/12,0,1/12,0,0,3/4,0, 1/12,1/12,1/12,0,0,0,0,3/4, 0,1/3,1/3,1/3,0,0,0,0, 1/3,0,1/3,1/3,0,0,0,0, 1/3,1/3,0,1/3,0,0,0,0, 1/3,1/3,1/3,0,0,0,0,0), nrow = nEps*(nArms-1), byrow = T) | T27: Partly-Parametric | U27: c(1/2,1) | V27: asOF | W27: TRUE | X27: TRUE | Y27: 1 | Z27: 1 | AA27: pvalue | AB27: best | AC27: 1 | AD27: TRUE | AE27: Selection | AF27: 20000 | AG27: 500 | AH27: Random | AI27: FALSE | AJ27: FALSE | AK27: TRUE | AL27: FALSE
A28: 27 | B28: S0, Ultra Aggressive, No CC, CER | C28: CER | D28: 2000 | E28: 0.025 | F28: NA | G28: NA | H28: UnPooled | I28: CombinationTest | J28: 5 | K28: 2 | L28: list(EP1 = "Binary", EP2 = "Binary") | M28: NA | N28: NA | O28: list(EP1 = c(0.22, 0.22, 0.22, 0.22, 0.22), EP2 = c(0.1, 0.1, 0.1, 0.1, 0.1)) | P28: c(1,1,1,1,1) | Q28: matrix(c(1,0.5,0.5,1),nrow = 2) | R28: c(0.25,0.25,0.25,0.25, 0, 0, 0, 0) | S28: matrix(c(0,1/12,1/12,1/12,3/4,0,0,0, 1/12,0,1/12,1/12,0,3/4,0,0, 1/12,1/12,0,1/12,0,0,3/4,0, 1/12,1/12,1/12,0,0,0,0,3/4, 0,1/3,1/3,1/3,0,0,0,0, 1/3,0,1/3,1/3,0,0,0,0, 1/3,1/3,0,1/3,0,0,0,0, 1/3,1/3,1/3,0,0,0,0,0), nrow = nEps*(nArms-1), byrow = T) | T28: Partly-Parametric | U28: c(1/2,1) | V28: asOF | W28: TRUE | X28: TRUE | Y28: 1 | Z28: 1 | AA28: pvalue | AB28: best | AC28: 1 | AD28: TRUE | AE28: Selection | AF28: 20000 | AG28: 500 | AH28: Random | AI28: FALSE | AJ28: FALSE | AK28: TRUE | AL28: FALSE
A29: 28 | B29: S1, No Select, No CC, CPV | C29: CombPValue | D29: 2000 | E29: 0.025 | F29: NA | G29: NA | H29: UnPooled | I29: CombinationTest | J29: 5 | K29: 2 | L29: list(EP1 = "Binary", EP2 = "Binary") | M29: NA | N29: NA | O29: list(EP1 = c(0.1, 0.1, 0.1, 0.1, 0.22), EP2 = c(0.1, 0.1, 0.1, 0.1, 0.22)) | P29: c(1,1,1,1,1) | Q29: matrix(c(1, 0.5, 0.5, 1), byrow = T, nrow = 2) | R29: c(0.25,0.25,0.25,0.25, 0, 0, 0, 0) | S29: matrix(c(0,1/12,1/12,1/12,3/4,0,0,0, 1/12,0,1/12,1/12,0,3/4,0,0, 1/12,1/12,0,1/12,0,0,3/4,0, 1/12,1/12,1/12,0,0,0,0,3/4, 0,1/3,1/3,1/3,0,0,0,0, 1/3,0,1/3,1/3,0,0,0,0, 1/3,1/3,0,1/3,0,0,0,0, 1/3,1/3,1/3,0,0,0,0,0), nrow = nEps*(nArms-1), byrow = T) | T29: Partly-Parametric | U29: c(0.5, 1) | V29: asOF | W29: TRUE | X29: FALSE | Y29: NA | Z29: NA | AA29: NA | AB29: NA | AC29: NA | AD29: NA | AE29: None | AF29: 20000 | AG29: 500 | AH29: Random | AI29: FALSE | AJ29: FALSE | AK29: TRUE | AL29: FALSE
A30: 29 | B30: S1, No Select, No CC, CER | C30: CER | D30: 2000 | E30: 0.025 | F30: NA | G30: NA | H30: UnPooled | I30: CombinationTest | J30: 5 | K30: 2 | L30: list(EP1 = "Binary", EP2 = "Binary") | M30: NA | N30: NA | O30: list(EP1 = c(0.1, 0.1, 0.1, 0.1, 0.22), EP2 = c(0.1, 0.1, 0.1, 0.1, 0.22)) | P30: c(1,1,1,1,1) | Q30: matrix(c(1, 0.5, 0.5, 1), byrow = T, nrow = 2) | R30: c(0.25,0.25,0.25,0.25, 0, 0, 0, 0) | S30: matrix(c(0,1/12,1/12,1/12,3/4,0,0,0, 1/12,0,1/12,1/12,0,3/4,0,0, 1/12,1/12,0,1/12,0,0,3/4,0, 1/12,1/12,1/12,0,0,0,0,3/4, 0,1/3,1/3,1/3,0,0,0,0, 1/3,0,1/3,1/3,0,0,0,0, 1/3,1/3,0,1/3,0,0,0,0, 1/3,1/3,1/3,0,0,0,0,0), nrow = nEps*(nArms-1), byrow = T) | T30: Partly-Parametric | U30: c(0.5, 1) | V30: asOF | W30: TRUE | X30: FALSE | Y30: NA | Z30: NA | AA30: NA | AB30: NA | AC30: NA | AD30: NA | AE30: None | AF30: 20000 | AG30: 500 | AH30: Random | AI30: FALSE | AJ30: FALSE | AK30: TRUE | AL30: FALSE
A31: 30 | B31: S1, Conservative, No CC, CPV | C31: CombPValue | D31: 2000 | E31: 0.025 | F31: NA | G31: NA | H31: UnPooled | I31: CombinationTest | J31: 5 | K31: 2 | L31: list(EP1 = "Binary", EP2 = "Binary") | M31: NA | N31: NA | O31: list(EP1 = c(0.1, 0.1, 0.1, 0.1, 0.22), EP2 = c(0.1, 0.1, 0.1, 0.1, 0.22)) | P31: c(1,1,1,1,1) | Q31: matrix(c(1,0.5,0.5,1),nrow = 2) | R31: c(0.25,0.25,0.25,0.25, 0, 0, 0, 0) | S31: matrix(c(0,1/12,1/12,1/12,3/4,0,0,0, 1/12,0,1/12,1/12,0,3/4,0,0, 1/12,1/12,0,1/12,0,0,3/4,0, 1/12,1/12,1/12,0,0,0,0,3/4, 0,1/3,1/3,1/3,0,0,0,0, 1/3,0,1/3,1/3,0,0,0,0, 1/3,1/3,0,1/3,0,0,0,0, 1/3,1/3,1/3,0,0,0,0,0), nrow = nEps*(nArms-1), byrow = T) | T31: Partly-Parametric | U31: c(1/2,1) | V31: asOF | W31: TRUE | X31: TRUE | Y31: 1 | Z31: 1 | AA31: pvalue | AB31: threshold | AC31: 0.75 | AD31: TRUE | AE31: Selection | AF31: 20000 | AG31: 500 | AH31: Random | AI31: FALSE | AJ31: FALSE | AK31: TRUE | AL31: FALSE
A32: 31 | B32: S1, Conservative, No CC, CER | C32: CER | D32: 2000 | E32: 0.025 | F32: NA | G32: NA | H32: UnPooled | I32: CombinationTest | J32: 5 | K32: 2 | L32: list(EP1 = "Binary", EP2 = "Binary") | M32: NA | N32: NA | O32: list(EP1 = c(0.1, 0.1, 0.1, 0.1, 0.22), EP2 = c(0.1, 0.1, 0.1, 0.1, 0.22)) | P32: c(1,1,1,1,1) | Q32: matrix(c(1,0.5,0.5,1),nrow = 2) | R32: c(0.25,0.25,0.25,0.25, 0, 0, 0, 0) | S32: matrix(c(0,1/12,1/12,1/12,3/4,0,0,0, 1/12,0,1/12,1/12,0,3/4,0,0, 1/12,1/12,0,1/12,0,0,3/4,0, 1/12,1/12,1/12,0,0,0,0,3/4, 0,1/3,1/3,1/3,0,0,0,0, 1/3,0,1/3,1/3,0,0,0,0, 1/3,1/3,0,1/3,0,0,0,0, 1/3,1/3,1/3,0,0,0,0,0), nrow = nEps*(nArms-1), byrow = T) | T32: Partly-Parametric | U32: c(1/2,1) | V32: asOF | W32: TRUE | X32: TRUE | Y32: 1 | Z32: 1 | AA32: pvalue | AB32: threshold | AC32: 0.75 | AD32: TRUE | AE32: Selection | AF32: 20000 | AG32: 500 | AH32: Random | AI32: FALSE | AJ32: FALSE | AK32: TRUE | AL32: FALSE
A33: 32 | B33: S1, Normal, No CC, CPV | C33: CombPValue | D33: 2000 | E33: 0.025 | F33: NA | G33: NA | H33: UnPooled | I33: CombinationTest | J33: 5 | K33: 2 | L33: list(EP1 = "Binary", EP2 = "Binary") | M33: NA | N33: NA | O33: list(EP1 = c(0.1, 0.1, 0.1, 0.1, 0.22), EP2 = c(0.1, 0.1, 0.1, 0.1, 0.22)) | P33: c(1,1,1,1,1) | Q33: matrix(c(1,0.5,0.5,1),nrow = 2) | R33: c(0.25,0.25,0.25,0.25, 0, 0, 0, 0) | S33: matrix(c(0,1/12,1/12,1/12,3/4,0,0,0, 1/12,0,1/12,1/12,0,3/4,0,0, 1/12,1/12,0,1/12,0,0,3/4,0, 1/12,1/12,1/12,0,0,0,0,3/4, 0,1/3,1/3,1/3,0,0,0,0, 1/3,0,1/3,1/3,0,0,0,0, 1/3,1/3,0,1/3,0,0,0,0, 1/3,1/3,1/3,0,0,0,0,0), nrow = nEps*(nArms-1), byrow = T) | T33: Partly-Parametric | U33: c(1/2,1) | V33: asOF | W33: TRUE | X33: TRUE | Y33: 1 | Z33: 1 | AA33: pvalue | AB33: threshold | AC33: 0.5 | AD33: TRUE | AE33: Selection | AF33: 20000 | AG33: 500 | AH33: Random | AI33: FALSE | AJ33: FALSE | AK33: TRUE | AL33: FALSE
A34: 33 | B34: S1, Normal, No CC, CER | C34: CER | D34: 2000 | E34: 0.025 | F34: NA | G34: NA | H34: UnPooled | I34: CombinationTest | J34: 5 | K34: 2 | L34: list(EP1 = "Binary", EP2 = "Binary") | M34: NA | N34: NA | O34: list(EP1 = c(0.1, 0.1, 0.1, 0.1, 0.22), EP2 = c(0.1, 0.1, 0.1, 0.1, 0.22)) | P34: c(1,1,1,1,1) | Q34: matrix(c(1,0.5,0.5,1),nrow = 2) | R34: c(0.25,0.25,0.25,0.25, 0, 0, 0, 0) | S34: matrix(c(0,1/12,1/12,1/12,3/4,0,0,0, 1/12,0,1/12,1/12,0,3/4,0,0, 1/12,1/12,0,1/12,0,0,3/4,0, 1/12,1/12,1/12,0,0,0,0,3/4, 0,1/3,1/3,1/3,0,0,0,0, 1/3,0,1/3,1/3,0,0,0,0, 1/3,1/3,0,1/3,0,0,0,0, 1/3,1/3,1/3,0,0,0,0,0), nrow = nEps*(nArms-1), byrow = T) | T34: Partly-Parametric | U34: c(1/2,1) | V34: asOF | W34: TRUE | X34: TRUE | Y34: 1 | Z34: 1 | AA34: pvalue | AB34: threshold | AC34: 0.5 | AD34: TRUE | AE34: Selection | AF34: 20000 | AG34: 500 | AH34: Random | AI34: FALSE | AJ34: FALSE | AK34: TRUE | AL34: FALSE
A35: 34 | B35: S1, Aggressive, No CC, CPV | C35: CombPValue | D35: 2000 | E35: 0.025 | F35: NA | G35: NA | H35: UnPooled | I35: CombinationTest | J35: 5 | K35: 2 | L35: list(EP1 = "Binary", EP2 = "Binary") | M35: NA | N35: NA | O35: list(EP1 = c(0.1, 0.1, 0.1, 0.1, 0.22), EP2 = c(0.1, 0.1, 0.1, 0.1, 0.22)) | P35: c(1,1,1,1,1) | Q35: matrix(c(1,0.5,0.5,1),nrow = 2) | R35: c(0.25,0.25,0.25,0.25, 0, 0, 0, 0) | S35: matrix(c(0,1/12,1/12,1/12,3/4,0,0,0, 1/12,0,1/12,1/12,0,3/4,0,0, 1/12,1/12,0,1/12,0,0,3/4,0, 1/12,1/12,1/12,0,0,0,0,3/4, 0,1/3,1/3,1/3,0,0,0,0, 1/3,0,1/3,1/3,0,0,0,0, 1/3,1/3,0,1/3,0,0,0,0, 1/3,1/3,1/3,0,0,0,0,0), nrow = nEps*(nArms-1), byrow = T) | T35: Partly-Parametric | U35: c(1/2,1) | V35: asOF | W35: TRUE | X35: TRUE | Y35: 1 | Z35: 1 | AA35: pvalue | AB35: threshold | AC35: 0.25 | AD35: TRUE | AE35: Selection | AF35: 20000 | AG35: 500 | AH35: Random | AI35: FALSE | AJ35: FALSE | AK35: TRUE | AL35: FALSE
A36: 35 | B36: S1, Aggressive, No CC, CER | C36: CER | D36: 2000 | E36: 0.025 | F36: NA | G36: NA | H36: UnPooled | I36: CombinationTest | J36: 5 | K36: 2 | L36: list(EP1 = "Binary", EP2 = "Binary") | M36: NA | N36: NA | O36: list(EP1 = c(0.1, 0.1, 0.1, 0.1, 0.22), EP2 = c(0.1, 0.1, 0.1, 0.1, 0.22)) | P36: c(1,1,1,1,1) | Q36: matrix(c(1,0.5,0.5,1),nrow = 2) | R36: c(0.25,0.25,0.25,0.25, 0, 0, 0, 0) | S36: matrix(c(0,1/12,1/12,1/12,3/4,0,0,0, 1/12,0,1/12,1/12,0,3/4,0,0, 1/12,1/12,0,1/12,0,0,3/4,0, 1/12,1/12,1/12,0,0,0,0,3/4, 0,1/3,1/3,1/3,0,0,0,0, 1/3,0,1/3,1/3,0,0,0,0, 1/3,1/3,0,1/3,0,0,0,0, 1/3,1/3,1/3,0,0,0,0,0), nrow = nEps*(nArms-1), byrow = T) | T36: Partly-Parametric | U36: c(1/2,1) | V36: asOF | W36: TRUE | X36: TRUE | Y36: 1 | Z36: 1 | AA36: pvalue | AB36: threshold | AC36: 0.25 | AD36: TRUE | AE36: Selection | AF36: 20000 | AG36: 500 | AH36: Random | AI36: FALSE | AJ36: FALSE | AK36: TRUE | AL36: FALSE
A37: 36 | B37: S1, Ultra Aggressive, No CC, CPV | C37: CombPValue | D37: 2000 | E37: 0.025 | F37: NA | G37: NA | H37: UnPooled | I37: CombinationTest | J37: 5 | K37: 2 | L37: list(EP1 = "Binary", EP2 = "Binary") | M37: NA | N37: NA | O37: list(EP1 = c(0.1, 0.1, 0.1, 0.1, 0.22), EP2 = c(0.1, 0.1, 0.1, 0.1, 0.22)) | P37: c(1,1,1,1,1) | Q37: matrix(c(1,0.5,0.5,1),nrow = 2) | R37: c(0.25,0.25,0.25,0.25, 0, 0, 0, 0) | S37: matrix(c(0,1/12,1/12,1/12,3/4,0,0,0, 1/12,0,1/12,1/12,0,3/4,0,0, 1/12,1/12,0,1/12,0,0,3/4,0, 1/12,1/12,1/12,0,0,0,0,3/4, 0,1/3,1/3,1/3,0,0,0,0, 1/3,0,1/3,1/3,0,0,0,0, 1/3,1/3,0,1/3,0,0,0,0, 1/3,1/3,1/3,0,0,0,0,0), nrow = nEps*(nArms-1), byrow = T) | T37: Partly-Parametric | U37: c(1/2,1) | V37: asOF | W37: TRUE | X37: TRUE | Y37: 1 | Z37: 1 | AA37: pvalue | AB37: best | AC37: 1 | AD37: TRUE | AE37: Selection | AF37: 20000 | AG37: 500 | AH37: Random | AI37: FALSE | AJ37: FALSE | AK37: TRUE | AL37: FALSE
A38: 37 | B38: S1, Ultra Aggressive, No CC, CER | C38: CER | D38: 2000 | E38: 0.025 | F38: NA | G38: NA | H38: UnPooled | I38: CombinationTest | J38: 5 | K38: 2 | L38: list(EP1 = "Binary", EP2 = "Binary") | M38: NA | N38: NA | O38: list(EP1 = c(0.1, 0.1, 0.1, 0.1, 0.22), EP2 = c(0.1, 0.1, 0.1, 0.1, 0.22)) | P38: c(1,1,1,1,1) | Q38: matrix(c(1,0.5,0.5,1),nrow = 2) | R38: c(0.25,0.25,0.25,0.25, 0, 0, 0, 0) | S38: matrix(c(0,1/12,1/12,1/12,3/4,0,0,0, 1/12,0,1/12,1/12,0,3/4,0,0, 1/12,1/12,0,1/12,0,0,3/4,0, 1/12,1/12,1/12,0,0,0,0,3/4, 0,1/3,1/3,1/3,0,0,0,0, 1/3,0,1/3,1/3,0,0,0,0, 1/3,1/3,0,1/3,0,0,0,0, 1/3,1/3,1/3,0,0,0,0,0), nrow = nEps*(nArms-1), byrow = T) | T38: Partly-Parametric | U38: c(1/2,1) | V38: asOF | W38: TRUE | X38: TRUE | Y38: 1 | Z38: 1 | AA38: pvalue | AB38: best | AC38: 1 | AD38: TRUE | AE38: Selection | AF38: 20000 | AG38: 500 | AH38: Random | AI38: FALSE | AJ38: FALSE | AK38: TRUE | AL38: FALSE
A39: 38 | B39: S2, No Select, No CC, CPV | C39: CombPValue | D39: 2000 | E39: 0.025 | F39: NA | G39: NA | H39: UnPooled | I39: CombinationTest | J39: 5 | K39: 2 | L39: list(EP1 = "Binary", EP2 = "Binary") | M39: NA | N39: NA | O39: list(EP1 = c(0.1, 0.1, 0.1, 0.22, 0.22), EP2 = c(0.1, 0.1, 0.1, 0.22, 0.22)) | P39: c(1,1,1,1,1) | Q39: matrix(c(1, 0.5, 0.5, 1), byrow = T, nrow = 2) | R39: c(0.25,0.25,0.25,0.25, 0, 0, 0, 0) | S39: matrix(c(0,1/12,1/12,1/12,3/4,0,0,0, 1/12,0,1/12,1/12,0,3/4,0,0, 1/12,1/12,0,1/12,0,0,3/4,0, 1/12,1/12,1/12,0,0,0,0,3/4, 0,1/3,1/3,1/3,0,0,0,0, 1/3,0,1/3,1/3,0,0,0,0, 1/3,1/3,0,1/3,0,0,0,0, 1/3,1/3,1/3,0,0,0,0,0), nrow = nEps*(nArms-1), byrow = T) | T39: Partly-Parametric | U39: c(0.5, 1) | V39: asOF | W39: TRUE | X39: FALSE | Y39: NA | Z39: NA | AA39: NA | AB39: NA | AC39: NA | AD39: NA | AE39: None | AF39: 20000 | AG39: 500 | AH39: Random | AI39: FALSE | AJ39: FALSE | AK39: TRUE | AL39: FALSE
A40: 39 | B40: S2, No Select, No CC, CER | C40: CER | D40: 2000 | E40: 0.025 | F40: NA | G40: NA | H40: UnPooled | I40: CombinationTest | J40: 5 | K40: 2 | L40: list(EP1 = "Binary", EP2 = "Binary") | M40: NA | N40: NA | O40: list(EP1 = c(0.1, 0.1, 0.1, 0.22, 0.22), EP2 = c(0.1, 0.1, 0.1, 0.22, 0.22)) | P40: c(1,1,1,1,1) | Q40: matrix(c(1, 0.5, 0.5, 1), byrow = T, nrow = 2) | R40: c(0.25,0.25,0.25,0.25, 0, 0, 0, 0) | S40: matrix(c(0,1/12,1/12,1/12,3/4,0,0,0, 1/12,0,1/12,1/12,0,3/4,0,0, 1/12,1/12,0,1/12,0,0,3/4,0, 1/12,1/12,1/12,0,0,0,0,3/4, 0,1/3,1/3,1/3,0,0,0,0, 1/3,0,1/3,1/3,0,0,0,0, 1/3,1/3,0,1/3,0,0,0,0, 1/3,1/3,1/3,0,0,0,0,0), nrow = nEps*(nArms-1), byrow = T) | T40: Partly-Parametric | U40: c(0.5, 1) | V40: asOF | W40: TRUE | X40: FALSE | Y40: NA | Z40: NA | AA40: NA | AB40: NA | AC40: NA | AD40: NA | AE40: None | AF40: 20000 | AG40: 500 | AH40: Random | AI40: FALSE | AJ40: FALSE | AK40: TRUE | AL40: FALSE
A41: 40 | B41: S2, Conservative, No CC, CPV | C41: CombPValue | D41: 2000 | E41: 0.025 | F41: NA | G41: NA | H41: UnPooled | I41: CombinationTest | J41: 5 | K41: 2 | L41: list(EP1 = "Binary", EP2 = "Binary") | M41: NA | N41: NA | O41: list(EP1 = c(0.1, 0.1, 0.1, 0.22, 0.22), EP2 = c(0.1, 0.1, 0.1, 0.22, 0.22)) | P41: c(1,1,1,1,1) | Q41: matrix(c(1,0.5,0.5,1),nrow = 2) | R41: c(0.25,0.25,0.25,0.25, 0, 0, 0, 0) | S41: matrix(c(0,1/12,1/12,1/12,3/4,0,0,0, 1/12,0,1/12,1/12,0,3/4,0,0, 1/12,1/12,0,1/12,0,0,3/4,0, 1/12,1/12,1/12,0,0,0,0,3/4, 0,1/3,1/3,1/3,0,0,0,0, 1/3,0,1/3,1/3,0,0,0,0, 1/3,1/3,0,1/3,0,0,0,0, 1/3,1/3,1/3,0,0,0,0,0), nrow = nEps*(nArms-1), byrow = T) | T41: Partly-Parametric | U41: c(1/2,1) | V41: asOF | W41: TRUE | X41: TRUE | Y41: 1 | Z41: 1 | AA41: pvalue | AB41: threshold | AC41: 0.75 | AD41: TRUE | AE41: Selection | AF41: 20000 | AG41: 500 | AH41: Random | AI41: FALSE | AJ41: FALSE | AK41: TRUE | AL41: FALSE
A42: 41 | B42: S2, Conservative, No CC, CER | C42: CER | D42: 2000 | E42: 0.025 | F42: NA | G42: NA | H42: UnPooled | I42: CombinationTest | J42: 5 | K42: 2 | L42: list(EP1 = "Binary", EP2 = "Binary") | M42: NA | N42: NA | O42: list(EP1 = c(0.1, 0.1, 0.1, 0.22, 0.22), EP2 = c(0.1, 0.1, 0.1, 0.22, 0.22)) | P42: c(1,1,1,1,1) | Q42: matrix(c(1,0.5,0.5,1),nrow = 2) | R42: c(0.25,0.25,0.25,0.25, 0, 0, 0, 0) | S42: matrix(c(0,1/12,1/12,1/12,3/4,0,0,0, 1/12,0,1/12,1/12,0,3/4,0,0, 1/12,1/12,0,1/12,0,0,3/4,0, 1/12,1/12,1/12,0,0,0,0,3/4, 0,1/3,1/3,1/3,0,0,0,0, 1/3,0,1/3,1/3,0,0,0,0, 1/3,1/3,0,1/3,0,0,0,0, 1/3,1/3,1/3,0,0,0,0,0), nrow = nEps*(nArms-1), byrow = T) | T42: Partly-Parametric | U42: c(1/2,1) | V42: asOF | W42: TRUE | X42: TRUE | Y42: 1 | Z42: 1 | AA42: pvalue | AB42: threshold | AC42: 0.75 | AD42: TRUE | AE42: Selection | AF42: 20000 | AG42: 500 | AH42: Random | AI42: FALSE | AJ42: FALSE | AK42: TRUE | AL42: FALSE
A43: 42 | B43: S2, Normal, No CC, CPV | C43: CombPValue | D43: 2000 | E43: 0.025 | F43: NA | G43: NA | H43: UnPooled | I43: CombinationTest | J43: 5 | K43: 2 | L43: list(EP1 = "Binary", EP2 = "Binary") | M43: NA | N43: NA | O43: list(EP1 = c(0.1, 0.1, 0.1, 0.22, 0.22), EP2 = c(0.1, 0.1, 0.1, 0.22, 0.22)) | P43: c(1,1,1,1,1) | Q43: matrix(c(1,0.5,0.5,1),nrow = 2) | R43: c(0.25,0.25,0.25,0.25, 0, 0, 0, 0) | S43: matrix(c(0,1/12,1/12,1/12,3/4,0,0,0, 1/12,0,1/12,1/12,0,3/4,0,0, 1/12,1/12,0,1/12,0,0,3/4,0, 1/12,1/12,1/12,0,0,0,0,3/4, 0,1/3,1/3,1/3,0,0,0,0, 1/3,0,1/3,1/3,0,0,0,0, 1/3,1/3,0,1/3,0,0,0,0, 1/3,1/3,1/3,0,0,0,0,0), nrow = nEps*(nArms-1), byrow = T) | T43: Partly-Parametric | U43: c(1/2,1) | V43: asOF | W43: TRUE | X43: TRUE | Y43: 1 | Z43: 1 | AA43: pvalue | AB43: threshold | AC43: 0.5 | AD43: TRUE | AE43: Selection | AF43: 20000 | AG43: 500 | AH43: Random | AI43: FALSE | AJ43: FALSE | AK43: TRUE | AL43: FALSE
A44: 43 | B44: S2, Normal, No CC, CER | C44: CER | D44: 2000 | E44: 0.025 | F44: NA | G44: NA | H44: UnPooled | I44: CombinationTest | J44: 5 | K44: 2 | L44: list(EP1 = "Binary", EP2 = "Binary") | M44: NA | N44: NA | O44: list(EP1 = c(0.1, 0.1, 0.1, 0.22, 0.22), EP2 = c(0.1, 0.1, 0.1, 0.22, 0.22)) | P44: c(1,1,1,1,1) | Q44: matrix(c(1,0.5,0.5,1),nrow = 2) | R44: c(0.25,0.25,0.25,0.25, 0, 0, 0, 0) | S44: matrix(c(0,1/12,1/12,1/12,3/4,0,0,0, 1/12,0,1/12,1/12,0,3/4,0,0, 1/12,1/12,0,1/12,0,0,3/4,0, 1/12,1/12,1/12,0,0,0,0,3/4, 0,1/3,1/3,1/3,0,0,0,0, 1/3,0,1/3,1/3,0,0,0,0, 1/3,1/3,0,1/3,0,0,0,0, 1/3,1/3,1/3,0,0,0,0,0), nrow = nEps*(nArms-1), byrow = T) | T44: Partly-Parametric | U44: c(1/2,1) | V44: asOF | W44: TRUE | X44: TRUE | Y44: 1 | Z44: 1 | AA44: pvalue | AB44: threshold | AC44: 0.5 | AD44: TRUE | AE44: Selection | AF44: 20000 | AG44: 500 | AH44: Random | AI44: FALSE | AJ44: FALSE | AK44: TRUE | AL44: FALSE
A45: 44 | B45: S2, Aggressive, No CC, CPV | C45: CombPValue | D45: 2000 | E45: 0.025 | F45: NA | G45: NA | H45: UnPooled | I45: CombinationTest | J45: 5 | K45: 2 | L45: list(EP1 = "Binary", EP2 = "Binary") | M45: NA | N45: NA | O45: list(EP1 = c(0.1, 0.1, 0.1, 0.22, 0.22), EP2 = c(0.1, 0.1, 0.1, 0.22, 0.22)) | P45: c(1,1,1,1,1) | Q45: matrix(c(1,0.5,0.5,1),nrow = 2) | R45: c(0.25,0.25,0.25,0.25, 0, 0, 0, 0) | S45: matrix(c(0,1/12,1/12,1/12,3/4,0,0,0, 1/12,0,1/12,1/12,0,3/4,0,0, 1/12,1/12,0,1/12,0,0,3/4,0, 1/12,1/12,1/12,0,0,0,0,3/4, 0,1/3,1/3,1/3,0,0,0,0, 1/3,0,1/3,1/3,0,0,0,0, 1/3,1/3,0,1/3,0,0,0,0, 1/3,1/3,1/3,0,0,0,0,0), nrow = nEps*(nArms-1), byrow = T) | T45: Partly-Parametric | U45: c(1/2,1) | V45: asOF | W45: TRUE | X45: TRUE | Y45: 1 | Z45: 1 | AA45: pvalue | AB45: threshold | AC45: 0.25 | AD45: TRUE | AE45: Selection | AF45: 20000 | AG45: 500 | AH45: Random | AI45: FALSE | AJ45: FALSE | AK45: TRUE | AL45: FALSE
A46: 45 | B46: S2, Aggressive, No CC, CER | C46: CER | D46: 2000 | E46: 0.025 | F46: NA | G46: NA | H46: UnPooled | I46: CombinationTest | J46: 5 | K46: 2 | L46: list(EP1 = "Binary", EP2 = "Binary") | M46: NA | N46: NA | O46: list(EP1 = c(0.1, 0.1, 0.1, 0.22, 0.22), EP2 = c(0.1, 0.1, 0.1, 0.22, 0.22)) | P46: c(1,1,1,1,1) | Q46: matrix(c(1,0.5,0.5,1),nrow = 2) | R46: c(0.25,0.25,0.25,0.25, 0, 0, 0, 0) | S46: matrix(c(0,1/12,1/12,1/12,3/4,0,0,0, 1/12,0,1/12,1/12,0,3/4,0,0, 1/12,1/12,0,1/12,0,0,3/4,0, 1/12,1/12,1/12,0,0,0,0,3/4, 0,1/3,1/3,1/3,0,0,0,0, 1/3,0,1/3,1/3,0,0,0,0, 1/3,1/3,0,1/3,0,0,0,0, 1/3,1/3,1/3,0,0,0,0,0), nrow = nEps*(nArms-1), byrow = T) | T46: Partly-Parametric | U46: c(1/2,1) | V46: asOF | W46: TRUE | X46: TRUE | Y46: 1 | Z46: 1 | AA46: pvalue | AB46: threshold | AC46: 0.25 | AD46: TRUE | AE46: Selection | AF46: 20000 | AG46: 500 | AH46: Random | AI46: FALSE | AJ46: FALSE | AK46: TRUE | AL46: FALSE
A47: 46 | B47: S2, Ultra Aggressive, No CC, CPV | C47: CombPValue | D47: 2000 | E47: 0.025 | F47: NA | G47: NA | H47: UnPooled | I47: CombinationTest | J47: 5 | K47: 2 | L47: list(EP1 = "Binary", EP2 = "Binary") | M47: NA | N47: NA | O47: list(EP1 = c(0.1, 0.1, 0.1, 0.22, 0.22), EP2 = c(0.1, 0.1, 0.1, 0.22, 0.22)) | P47: c(1,1,1,1,1) | Q47: matrix(c(1,0.5,0.5,1),nrow = 2) | R47: c(0.25,0.25,0.25,0.25, 0, 0, 0, 0) | S47: matrix(c(0,1/12,1/12,1/12,3/4,0,0,0, 1/12,0,1/12,1/12,0,3/4,0,0, 1/12,1/12,0,1/12,0,0,3/4,0, 1/12,1/12,1/12,0,0,0,0,3/4, 0,1/3,1/3,1/3,0,0,0,0, 1/3,0,1/3,1/3,0,0,0,0, 1/3,1/3,0,1/3,0,0,0,0, 1/3,1/3,1/3,0,0,0,0,0), nrow = nEps*(nArms-1), byrow = T) | T47: Partly-Parametric | U47: c(1/2,1) | V47: asOF | W47: TRUE | X47: TRUE | Y47: 1 | Z47: 1 | AA47: pvalue | AB47: best | AC47: 1 | AD47: TRUE | AE47: Selection | AF47: 20000 | AG47: 500 | AH47: Random | AI47: FALSE | AJ47: FALSE | AK47: TRUE | AL47: FALSE
A48: 47 | B48: S2, Ultra Aggressive, No CC, CER, KAE=T | C48: CER | D48: 2000 | E48: 0.025 | F48: NA | G48: NA | H48: UnPooled | I48: CombinationTest | J48: 5 | K48: 2 | L48: list(EP1 = "Binary", EP2 = "Binary") | M48: NA | N48: NA | O48: list(EP1 = c(0.1, 0.1, 0.1, 0.22, 0.22), EP2 = c(0.1, 0.1, 0.1, 0.22, 0.22)) | P48: c(1,1,1,1,1) | Q48: matrix(c(1,0.5,0.5,1),nrow = 2) | R48: c(0.25,0.25,0.25,0.25, 0, 0, 0, 0) | S48: matrix(c(0,1/12,1/12,1/12,3/4,0,0,0, 1/12,0,1/12,1/12,0,3/4,0,0, 1/12,1/12,0,1/12,0,0,3/4,0, 1/12,1/12,1/12,0,0,0,0,3/4, 0,1/3,1/3,1/3,0,0,0,0, 1/3,0,1/3,1/3,0,0,0,0, 1/3,1/3,0,1/3,0,0,0,0, 1/3,1/3,1/3,0,0,0,0,0), nrow = nEps*(nArms-1), byrow = T) | T48: Partly-Parametric | U48: c(1/2,1) | V48: asOF | W48: TRUE | X48: TRUE | Y48: 1 | Z48: 1 | AA48: pvalue | AB48: best | AC48: 1 | AD48: TRUE | AE48: Selection | AF48: 20000 | AG48: 500 | AH48: Random | AI48: FALSE | AJ48: FALSE | AK48: TRUE | AL48: FALSE
A49: 48 | B49: S3, No Select, No CC, CPV | C49: CombPValue | D49: 2000 | E49: 0.025 | F49: NA | G49: NA | H49: UnPooled | I49: CombinationTest | J49: 5 | K49: 2 | L49: list(EP1 = "Binary", EP2 = "Binary") | M49: NA | N49: NA | O49: list(EP1 = c(0.1, 0.1, 0.22, 0.22, 0.22), EP2 = c(0.1, 0.1, 0.22, 0.22, 0.22)) | P49: c(1,1,1,1,1) | Q49: matrix(c(1, 0.5, 0.5, 1), byrow = T, nrow = 2) | R49: c(0.25,0.25,0.25,0.25, 0, 0, 0, 0) | S49: matrix(c(0,1/12,1/12,1/12,3/4,0,0,0, 1/12,0,1/12,1/12,0,3/4,0,0, 1/12,1/12,0,1/12,0,0,3/4,0, 1/12,1/12,1/12,0,0,0,0,3/4, 0,1/3,1/3,1/3,0,0,0,0, 1/3,0,1/3,1/3,0,0,0,0, 1/3,1/3,0,1/3,0,0,0,0, 1/3,1/3,1/3,0,0,0,0,0), nrow = nEps*(nArms-1), byrow = T) | T49: Partly-Parametric | U49: c(0.5, 1) | V49: asOF | W49: TRUE | X49: FALSE | Y49: NA | Z49: NA | AA49: NA | AB49: NA | AC49: NA | AD49: NA | AE49: None | AF49: 20000 | AG49: 500 | AH49: Random | AI49: FALSE | AJ49: FALSE | AK49: TRUE | AL49: FALSE
A50: 49 | B50: S3, No Select, No CC, CER | C50: CER | D50: 2000 | E50: 0.025 | F50: NA | G50: NA | H50: UnPooled | I50: CombinationTest | J50: 5 | K50: 2 | L50: list(EP1 = "Binary", EP2 = "Binary") | M50: NA | N50: NA | O50: list(EP1 = c(0.1, 0.1, 0.22, 0.22, 0.22), EP2 = c(0.1, 0.1, 0.22, 0.22, 0.22)) | P50: c(1,1,1,1,1) | Q50: matrix(c(1, 0.5, 0.5, 1), byrow = T, nrow = 2) | R50: c(0.25,0.25,0.25,0.25, 0, 0, 0, 0) | S50: matrix(c(0,1/12,1/12,1/12,3/4,0,0,0, 1/12,0,1/12,1/12,0,3/4,0,0, 1/12,1/12,0,1/12,0,0,3/4,0, 1/12,1/12,1/12,0,0,0,0,3/4, 0,1/3,1/3,1/3,0,0,0,0, 1/3,0,1/3,1/3,0,0,0,0, 1/3,1/3,0,1/3,0,0,0,0, 1/3,1/3,1/3,0,0,0,0,0), nrow = nEps*(nArms-1), byrow = T) | T50: Partly-Parametric | U50: c(0.5, 1) | V50: asOF | W50: TRUE | X50: FALSE | Y50: NA | Z50: NA | AA50: NA | AB50: NA | AC50: NA | AD50: NA | AE50: None | AF50: 20000 | AG50: 500 | AH50: Random | AI50: FALSE | AJ50: FALSE | AK50: TRUE | AL50: FALSE
A51: 50 | B51: S3, Conservative, No CC, CPV | C51: CombPValue | D51: 2000 | E51: 0.025 | F51: NA | G51: NA | H51: UnPooled | I51: CombinationTest | J51: 5 | K51: 2 | L51: list(EP1 = "Binary", EP2 = "Binary") | M51: NA | N51: NA | O51: list(EP1 = c(0.1, 0.1, 0.22, 0.22, 0.22), EP2 = c(0.1, 0.1, 0.22, 0.22, 0.22)) | P51: c(1,1,1,1,1) | Q51: matrix(c(1,0.5,0.5,1),nrow = 2) | R51: c(0.25,0.25,0.25,0.25, 0, 0, 0, 0) | S51: matrix(c(0,1/12,1/12,1/12,3/4,0,0,0, 1/12,0,1/12,1/12,0,3/4,0,0, 1/12,1/12,0,1/12,0,0,3/4,0, 1/12,1/12,1/12,0,0,0,0,3/4, 0,1/3,1/3,1/3,0,0,0,0, 1/3,0,1/3,1/3,0,0,0,0, 1/3,1/3,0,1/3,0,0,0,0, 1/3,1/3,1/3,0,0,0,0,0), nrow = nEps*(nArms-1), byrow = T) | T51: Partly-Parametric | U51: c(1/2,1) | V51: asOF | W51: TRUE | X51: TRUE | Y51: 1 | Z51: 1 | AA51: pvalue | AB51: threshold | AC51: 0.75 | AD51: TRUE | AE51: Selection | AF51: 20000 | AG51: 500 | AH51: Random | AI51: FALSE | AJ51: FALSE | AK51: TRUE | AL51: FALSE
A52: 51 | B52: S3, Conservative, No CC, CER | C52: CER | D52: 2000 | E52: 0.025 | F52: NA | G52: NA | H52: UnPooled | I52: CombinationTest | J52: 5 | K52: 2 | L52: list(EP1 = "Binary", EP2 = "Binary") | M52: NA | N52: NA | O52: list(EP1 = c(0.1, 0.1, 0.22, 0.22, 0.22), EP2 = c(0.1, 0.1, 0.22, 0.22, 0.22)) | P52: c(1,1,1,1,1) | Q52: matrix(c(1,0.5,0.5,1),nrow = 2) | R52: c(0.25,0.25,0.25,0.25, 0, 0, 0, 0) | S52: matrix(c(0,1/12,1/12,1/12,3/4,0,0,0, 1/12,0,1/12,1/12,0,3/4,0,0, 1/12,1/12,0,1/12,0,0,3/4,0, 1/12,1/12,1/12,0,0,0,0,3/4, 0,1/3,1/3,1/3,0,0,0,0, 1/3,0,1/3,1/3,0,0,0,0, 1/3,1/3,0,1/3,0,0,0,0, 1/3,1/3,1/3,0,0,0,0,0), nrow = nEps*(nArms-1), byrow = T) | T52: Partly-Parametric | U52: c(1/2,1) | V52: asOF | W52: TRUE | X52: TRUE | Y52: 1 | Z52: 1 | AA52: pvalue | AB52: threshold | AC52: 0.75 | AD52: TRUE | AE52: Selection | AF52: 20000 | AG52: 500 | AH52: Random | AI52: FALSE | AJ52: FALSE | AK52: TRUE | AL52: FALSE
A53: 52 | B53: S3, Normal, No CC, CPV | C53: CombPValue | D53: 2000 | E53: 0.025 | F53: NA | G53: NA | H53: UnPooled | I53: CombinationTest | J53: 5 | K53: 2 | L53: list(EP1 = "Binary", EP2 = "Binary") | M53: NA | N53: NA | O53: list(EP1 = c(0.1, 0.1, 0.22, 0.22, 0.22), EP2 = c(0.1, 0.1, 0.22, 0.22, 0.22)) | P53: c(1,1,1,1,1) | Q53: matrix(c(1,0.5,0.5,1),nrow = 2) | R53: c(0.25,0.25,0.25,0.25, 0, 0, 0, 0) | S53: matrix(c(0,1/12,1/12,1/12,3/4,0,0,0, 1/12,0,1/12,1/12,0,3/4,0,0, 1/12,1/12,0,1/12,0,0,3/4,0, 1/12,1/12,1/12,0,0,0,0,3/4, 0,1/3,1/3,1/3,0,0,0,0, 1/3,0,1/3,1/3,0,0,0,0, 1/3,1/3,0,1/3,0,0,0,0, 1/3,1/3,1/3,0,0,0,0,0), nrow = nEps*(nArms-1), byrow = T) | T53: Partly-Parametric | U53: c(1/2,1) | V53: asOF | W53: TRUE | X53: TRUE | Y53: 1 | Z53: 1 | AA53: pvalue | AB53: threshold | AC53: 0.5 | AD53: TRUE | AE53: Selection | AF53: 20000 | AG53: 500 | AH53: Random | AI53: FALSE | AJ53: FALSE | AK53: TRUE | AL53: FALSE
A54: 53 | B54: S3, Normal, No CC, CER | C54: CER | D54: 2000 | E54: 0.025 | F54: NA | G54: NA | H54: UnPooled | I54: CombinationTest | J54: 5 | K54: 2 | L54: list(EP1 = "Binary", EP2 = "Binary") | M54: NA | N54: NA | O54: list(EP1 = c(0.1, 0.1, 0.22, 0.22, 0.22), EP2 = c(0.1, 0.1, 0.22, 0.22, 0.22)) | P54: c(1,1,1,1,1) | Q54: matrix(c(1,0.5,0.5,1),nrow = 2) | R54: c(0.25,0.25,0.25,0.25, 0, 0, 0, 0) | S54: matrix(c(0,1/12,1/12,1/12,3/4,0,0,0, 1/12,0,1/12,1/12,0,3/4,0,0, 1/12,1/12,0,1/12,0,0,3/4,0, 1/12,1/12,1/12,0,0,0,0,3/4, 0,1/3,1/3,1/3,0,0,0,0, 1/3,0,1/3,1/3,0,0,0,0, 1/3,1/3,0,1/3,0,0,0,0, 1/3,1/3,1/3,0,0,0,0,0), nrow = nEps*(nArms-1), byrow = T) | T54: Partly-Parametric | U54: c(1/2,1) | V54: asOF | W54: TRUE | X54: TRUE | Y54: 1 | Z54: 1 | AA54: pvalue | AB54: threshold | AC54: 0.5 | AD54: TRUE | AE54: Selection | AF54: 20000 | AG54: 500 | AH54: Random | AI54: FALSE | AJ54: FALSE | AK54: TRUE | AL54: FALSE
A55: 54 | B55: S3, Aggressive, No CC, CPV | C55: CombPValue | D55: 2000 | E55: 0.025 | F55: NA | G55: NA | H55: UnPooled | I55: CombinationTest | J55: 5 | K55: 2 | L55: list(EP1 = "Binary", EP2 = "Binary") | M55: NA | N55: NA | O55: list(EP1 = c(0.1, 0.1, 0.22, 0.22, 0.22), EP2 = c(0.1, 0.1, 0.22, 0.22, 0.22)) | P55: c(1,1,1,1,1) | Q55: matrix(c(1,0.5,0.5,1),nrow = 2) | R55: c(0.25,0.25,0.25,0.25, 0, 0, 0, 0) | S55: matrix(c(0,1/12,1/12,1/12,3/4,0,0,0, 1/12,0,1/12,1/12,0,3/4,0,0, 1/12,1/12,0,1/12,0,0,3/4,0, 1/12,1/12,1/12,0,0,0,0,3/4, 0,1/3,1/3,1/3,0,0,0,0, 1/3,0,1/3,1/3,0,0,0,0, 1/3,1/3,0,1/3,0,0,0,0, 1/3,1/3,1/3,0,0,0,0,0), nrow = nEps*(nArms-1), byrow = T) | T55: Partly-Parametric | U55: c(1/2,1) | V55: asOF | W55: TRUE | X55: TRUE | Y55: 1 | Z55: 1 | AA55: pvalue | AB55: threshold | AC55: 0.25 | AD55: TRUE | AE55: Selection | AF55: 20000 | AG55: 500 | AH55: Random | AI55: FALSE | AJ55: FALSE | AK55: TRUE | AL55: FALSE
A56: 55 | B56: S3, Aggressive, No CC, CER | C56: CER | D56: 2000 | E56: 0.025 | F56: NA | G56: NA | H56: UnPooled | I56: CombinationTest | J56: 5 | K56: 2 | L56: list(EP1 = "Binary", EP2 = "Binary") | M56: NA | N56: NA | O56: list(EP1 = c(0.1, 0.1, 0.22, 0.22, 0.22), EP2 = c(0.1, 0.1, 0.22, 0.22, 0.22)) | P56: c(1,1,1,1,1) | Q56: matrix(c(1,0.5,0.5,1),nrow = 2) | R56: c(0.25,0.25,0.25,0.25, 0, 0, 0, 0) | S56: matrix(c(0,1/12,1/12,1/12,3/4,0,0,0, 1/12,0,1/12,1/12,0,3/4,0,0, 1/12,1/12,0,1/12,0,0,3/4,0, 1/12,1/12,1/12,0,0,0,0,3/4, 0,1/3,1/3,1/3,0,0,0,0, 1/3,0,1/3,1/3,0,0,0,0, 1/3,1/3,0,1/3,0,0,0,0, 1/3,1/3,1/3,0,0,0,0,0), nrow = nEps*(nArms-1), byrow = T) | T56: Partly-Parametric | U56: c(1/2,1) | V56: asOF | W56: TRUE | X56: TRUE | Y56: 1 | Z56: 1 | AA56: pvalue | AB56: threshold | AC56: 0.25 | AD56: TRUE | AE56: Selection | AF56: 20000 | AG56: 500 | AH56: Random | AI56: FALSE | AJ56: FALSE | AK56: TRUE | AL56: FALSE
A57: 56 | B57: S3, Ultra Aggressive, No CC, CPV | C57: CombPValue | D57: 2000 | E57: 0.025 | F57: NA | G57: NA | H57: UnPooled | I57: CombinationTest | J57: 5 | K57: 2 | L57: list(EP1 = "Binary", EP2 = "Binary") | M57: NA | N57: NA | O57: list(EP1 = c(0.1, 0.1, 0.22, 0.22, 0.22), EP2 = c(0.1, 0.1, 0.22, 0.22, 0.22)) | P57: c(1,1,1,1,1) | Q57: matrix(c(1,0.5,0.5,1),nrow = 2) | R57: c(0.25,0.25,0.25,0.25, 0, 0, 0, 0) | S57: matrix(c(0,1/12,1/12,1/12,3/4,0,0,0, 1/12,0,1/12,1/12,0,3/4,0,0, 1/12,1/12,0,1/12,0,0,3/4,0, 1/12,1/12,1/12,0,0,0,0,3/4, 0,1/3,1/3,1/3,0,0,0,0, 1/3,0,1/3,1/3,0,0,0,0, 1/3,1/3,0,1/3,0,0,0,0, 1/3,1/3,1/3,0,0,0,0,0), nrow = nEps*(nArms-1), byrow = T) | T57: Partly-Parametric | U57: c(1/2,1) | V57: asOF | W57: TRUE | X57: TRUE | Y57: 1 | Z57: 1 | AA57: pvalue | AB57: best | AC57: 1 | AD57: TRUE | AE57: Selection | AF57: 20000 | AG57: 500 | AH57: Random | AI57: FALSE | AJ57: FALSE | AK57: TRUE | AL57: FALSE
A58: 57 | B58: S3, Ultra Aggressive, No CC, CER | C58: CER | D58: 2000 | E58: 0.025 | F58: NA | G58: NA | H58: UnPooled | I58: CombinationTest | J58: 5 | K58: 2 | L58: list(EP1 = "Binary", EP2 = "Binary") | M58: NA | N58: NA | O58: list(EP1 = c(0.1, 0.1, 0.22, 0.22, 0.22), EP2 = c(0.1, 0.1, 0.22, 0.22, 0.22)) | P58: c(1,1,1,1,1) | Q58: matrix(c(1,0.5,0.5,1),nrow = 2) | R58: c(0.25,0.25,0.25,0.25, 0, 0, 0, 0) | S58: matrix(c(0,1/12,1/12,1/12,3/4,0,0,0, 1/12,0,1/12,1/12,0,3/4,0,0, 1/12,1/12,0,1/12,0,0,3/4,0, 1/12,1/12,1/12,0,0,0,0,3/4, 0,1/3,1/3,1/3,0,0,0,0, 1/3,0,1/3,1/3,0,0,0,0, 1/3,1/3,0,1/3,0,0,0,0, 1/3,1/3,1/3,0,0,0,0,0), nrow = nEps*(nArms-1), byrow = T) | T58: Partly-Parametric | U58: c(1/2,1) | V58: asOF | W58: TRUE | X58: TRUE | Y58: 1 | Z58: 1 | AA58: pvalue | AB58: best | AC58: 1 | AD58: TRUE | AE58: Selection | AF58: 20000 | AG58: 500 | AH58: Random | AI58: FALSE | AJ58: FALSE | AK58: TRUE | AL58: FALSE
A59: 58 | B59: S4, No Select, No CC, CPV | C59: CombPValue | D59: 2000 | E59: 0.025 | F59: NA | G59: NA | H59: UnPooled | I59: CombinationTest | J59: 5 | K59: 2 | L59: list(EP1 = "Binary", EP2 = "Binary") | M59: NA | N59: NA | O59: list(EP1 = c(0.1, 0.22, 0.22, 0.22, 0.22), EP2 = c(0.1, 0.22, 0.22, 0.22, 0.22)) | P59: c(1,1,1,1,1) | Q59: matrix(c(1, 0.5, 0.5, 1), byrow = T, nrow = 2) | R59: c(0.25,0.25,0.25,0.25, 0, 0, 0, 0) | S59: matrix(c(0,1/12,1/12,1/12,3/4,0,0,0, 1/12,0,1/12,1/12,0,3/4,0,0, 1/12,1/12,0,1/12,0,0,3/4,0, 1/12,1/12,1/12,0,0,0,0,3/4, 0,1/3,1/3,1/3,0,0,0,0, 1/3,0,1/3,1/3,0,0,0,0, 1/3,1/3,0,1/3,0,0,0,0, 1/3,1/3,1/3,0,0,0,0,0), nrow = nEps*(nArms-1), byrow = T) | T59: Partly-Parametric | U59: c(0.5, 1) | V59: asOF | W59: TRUE | X59: FALSE | Y59: NA | Z59: NA | AA59: NA | AB59: NA | AC59: NA | AD59: NA | AE59: None | AF59: 20000 | AG59: 500 | AH59: Random | AI59: FALSE | AJ59: FALSE | AK59: TRUE | AL59: FALSE
A60: 59 | B60: S4, No Select, No CC, CER | C60: CER | D60: 2000 | E60: 0.025 | F60: NA | G60: NA | H60: UnPooled | I60: CombinationTest | J60: 5 | K60: 2 | L60: list(EP1 = "Binary", EP2 = "Binary") | M60: NA | N60: NA | O60: list(EP1 = c(0.1, 0.22, 0.22, 0.22, 0.22), EP2 = c(0.1, 0.22, 0.22, 0.22, 0.22)) | P60: c(1,1,1,1,1) | Q60: matrix(c(1, 0.5, 0.5, 1), byrow = T, nrow = 2) | R60: c(0.25,0.25,0.25,0.25, 0, 0, 0, 0) | S60: matrix(c(0,1/12,1/12,1/12,3/4,0,0,0, 1/12,0,1/12,1/12,0,3/4,0,0, 1/12,1/12,0,1/12,0,0,3/4,0, 1/12,1/12,1/12,0,0,0,0,3/4, 0,1/3,1/3,1/3,0,0,0,0, 1/3,0,1/3,1/3,0,0,0,0, 1/3,1/3,0,1/3,0,0,0,0, 1/3,1/3,1/3,0,0,0,0,0), nrow = nEps*(nArms-1), byrow = T) | T60: Partly-Parametric | U60: c(0.5, 1) | V60: asOF | W60: TRUE | X60: FALSE | Y60: NA | Z60: NA | AA60: NA | AB60: NA | AC60: NA | AD60: NA | AE60: None | AF60: 20000 | AG60: 500 | AH60: Random | AI60: FALSE | AJ60: FALSE | AK60: TRUE | AL60: FALSE
A61: 60 | B61: S4, Conservative, No CC, CPV | C61: CombPValue | D61: 2000 | E61: 0.025 | F61: NA | G61: NA | H61: UnPooled | I61: CombinationTest | J61: 5 | K61: 2 | L61: list(EP1 = "Binary", EP2 = "Binary") | M61: NA | N61: NA | O61: list(EP1 = c(0.1, 0.22, 0.22, 0.22, 0.22), EP2 = c(0.1, 0.22, 0.22, 0.22, 0.22)) | P61: c(1,1,1,1,1) | Q61: matrix(c(1,0.5,0.5,1),nrow = 2) | R61: c(0.25,0.25,0.25,0.25, 0, 0, 0, 0) | S61: matrix(c(0,1/12,1/12,1/12,3/4,0,0,0, 1/12,0,1/12,1/12,0,3/4,0,0, 1/12,1/12,0,1/12,0,0,3/4,0, 1/12,1/12,1/12,0,0,0,0,3/4, 0,1/3,1/3,1/3,0,0,0,0, 1/3,0,1/3,1/3,0,0,0,0, 1/3,1/3,0,1/3,0,0,0,0, 1/3,1/3,1/3,0,0,0,0,0), nrow = nEps*(nArms-1), byrow = T) | T61: Partly-Parametric | U61: c(1/2,1) | V61: asOF | W61: TRUE | X61: TRUE | Y61: 1 | Z61: 1 | AA61: pvalue | AB61: threshold | AC61: 0.75 | AD61: TRUE | AE61: Selection | AF61: 20000 | AG61: 500 | AH61: Random | AI61: FALSE | AJ61: FALSE | AK61: TRUE | AL61: FALSE
A62: 61 | B62: S4, Conservative, No CC, CER | C62: CER | D62: 2000 | E62: 0.025 | F62: NA | G62: NA | H62: UnPooled | I62: CombinationTest | J62: 5 | K62: 2 | L62: list(EP1 = "Binary", EP2 = "Binary") | M62: NA | N62: NA | O62: list(EP1 = c(0.1, 0.22, 0.22, 0.22, 0.22), EP2 = c(0.1, 0.22, 0.22, 0.22, 0.22)) | P62: c(1,1,1,1,1) | Q62: matrix(c(1,0.5,0.5,1),nrow = 2) | R62: c(0.25,0.25,0.25,0.25, 0, 0, 0, 0) | S62: matrix(c(0,1/12,1/12,1/12,3/4,0,0,0, 1/12,0,1/12,1/12,0,3/4,0,0, 1/12,1/12,0,1/12,0,0,3/4,0, 1/12,1/12,1/12,0,0,0,0,3/4, 0,1/3,1/3,1/3,0,0,0,0, 1/3,0,1/3,1/3,0,0,0,0, 1/3,1/3,0,1/3,0,0,0,0, 1/3,1/3,1/3,0,0,0,0,0), nrow = nEps*(nArms-1), byrow = T) | T62: Partly-Parametric | U62: c(1/2,1) | V62: asOF | W62: TRUE | X62: TRUE | Y62: 1 | Z62: 1 | AA62: pvalue | AB62: threshold | AC62: 0.75 | AD62: TRUE | AE62: Selection | AF62: 20000 | AG62: 500 | AH62: Random | AI62: FALSE | AJ62: FALSE | AK62: TRUE | AL62: FALSE
A63: 62 | B63: S4, Normal, No CC, CPV | C63: CombPValue | D63: 2000 | E63: 0.025 | F63: NA | G63: NA | H63: UnPooled | I63: CombinationTest | J63: 5 | K63: 2 | L63: list(EP1 = "Binary", EP2 = "Binary") | M63: NA | N63: NA | O63: list(EP1 = c(0.1, 0.22, 0.22, 0.22, 0.22), EP2 = c(0.1, 0.22, 0.22, 0.22, 0.22)) | P63: c(1,1,1,1,1) | Q63: matrix(c(1,0.5,0.5,1),nrow = 2) | R63: c(0.25,0.25,0.25,0.25, 0, 0, 0, 0) | S63: matrix(c(0,1/12,1/12,1/12,3/4,0,0,0, 1/12,0,1/12,1/12,0,3/4,0,0, 1/12,1/12,0,1/12,0,0,3/4,0, 1/12,1/12,1/12,0,0,0,0,3/4, 0,1/3,1/3,1/3,0,0,0,0, 1/3,0,1/3,1/3,0,0,0,0, 1/3,1/3,0,1/3,0,0,0,0, 1/3,1/3,1/3,0,0,0,0,0), nrow = nEps*(nArms-1), byrow = T) | T63: Partly-Parametric | U63: c(1/2,1) | V63: asOF | W63: TRUE | X63: TRUE | Y63: 1 | Z63: 1 | AA63: pvalue | AB63: threshold | AC63: 0.5 | AD63: TRUE | AE63: Selection | AF63: 20000 | AG63: 500 | AH63: Random | AI63: FALSE | AJ63: FALSE | AK63: TRUE | AL63: FALSE
A64: 63 | B64: S4, Normal, No CC, CER | C64: CER | D64: 2000 | E64: 0.025 | F64: NA | G64: NA | H64: UnPooled | I64: CombinationTest | J64: 5 | K64: 2 | L64: list(EP1 = "Binary", EP2 = "Binary") | M64: NA | N64: NA | O64: list(EP1 = c(0.1, 0.22, 0.22, 0.22, 0.22), EP2 = c(0.1, 0.22, 0.22, 0.22, 0.22)) | P64: c(1,1,1,1,1) | Q64: matrix(c(1,0.5,0.5,1),nrow = 2) | R64: c(0.25,0.25,0.25,0.25, 0, 0, 0, 0) | S64: matrix(c(0,1/12,1/12,1/12,3/4,0,0,0, 1/12,0,1/12,1/12,0,3/4,0,0, 1/12,1/12,0,1/12,0,0,3/4,0, 1/12,1/12,1/12,0,0,0,0,3/4, 0,1/3,1/3,1/3,0,0,0,0, 1/3,0,1/3,1/3,0,0,0,0, 1/3,1/3,0,1/3,0,0,0,0, 1/3,1/3,1/3,0,0,0,0,0), nrow = nEps*(nArms-1), byrow = T) | T64: Partly-Parametric | U64: c(1/2,1) | V64: asOF | W64: TRUE | X64: TRUE | Y64: 1 | Z64: 1 | AA64: pvalue | AB64: threshold | AC64: 0.5 | AD64: TRUE | AE64: Selection | AF64: 20000 | AG64: 500 | AH64: Random | AI64: FALSE | AJ64: FALSE | AK64: TRUE | AL64: FALSE
A65: 64 | B65: S4, Aggressive, No CC, CPV | C65: CombPValue | D65: 2000 | E65: 0.025 | F65: NA | G65: NA | H65: UnPooled | I65: CombinationTest | J65: 5 | K65: 2 | L65: list(EP1 = "Binary", EP2 = "Binary") | M65: NA | N65: NA | O65: list(EP1 = c(0.1, 0.22, 0.22, 0.22, 0.22), EP2 = c(0.1, 0.22, 0.22, 0.22, 0.22)) | P65: c(1,1,1,1,1) | Q65: matrix(c(1,0.5,0.5,1),nrow = 2) | R65: c(0.25,0.25,0.25,0.25, 0, 0, 0, 0) | S65: matrix(c(0,1/12,1/12,1/12,3/4,0,0,0, 1/12,0,1/12,1/12,0,3/4,0,0, 1/12,1/12,0,1/12,0,0,3/4,0, 1/12,1/12,1/12,0,0,0,0,3/4, 0,1/3,1/3,1/3,0,0,0,0, 1/3,0,1/3,1/3,0,0,0,0, 1/3,1/3,0,1/3,0,0,0,0, 1/3,1/3,1/3,0,0,0,0,0), nrow = nEps*(nArms-1), byrow = T) | T65: Partly-Parametric | U65: c(1/2,1) | V65: asOF | W65: TRUE | X65: TRUE | Y65: 1 | Z65: 1 | AA65: pvalue | AB65: threshold | AC65: 0.25 | AD65: TRUE | AE65: Selection | AF65: 20000 | AG65: 500 | AH65: Random | AI65: FALSE | AJ65: FALSE | AK65: TRUE | AL65: FALSE
A66: 65 | B66: S4, Aggressive, No CC, CER | C66: CER | D66: 2000 | E66: 0.025 | F66: NA | G66: NA | H66: UnPooled | I66: CombinationTest | J66: 5 | K66: 2 | L66: list(EP1 = "Binary", EP2 = "Binary") | M66: NA | N66: NA | O66: list(EP1 = c(0.1, 0.22, 0.22, 0.22, 0.22), EP2 = c(0.1, 0.22, 0.22, 0.22, 0.22)) | P66: c(1,1,1,1,1) | Q66: matrix(c(1,0.5,0.5,1),nrow = 2) | R66: c(0.25,0.25,0.25,0.25, 0, 0, 0, 0) | S66: matrix(c(0,1/12,1/12,1/12,3/4,0,0,0, 1/12,0,1/12,1/12,0,3/4,0,0, 1/12,1/12,0,1/12,0,0,3/4,0, 1/12,1/12,1/12,0,0,0,0,3/4, 0,1/3,1/3,1/3,0,0,0,0, 1/3,0,1/3,1/3,0,0,0,0, 1/3,1/3,0,1/3,0,0,0,0, 1/3,1/3,1/3,0,0,0,0,0), nrow = nEps*(nArms-1), byrow = T) | T66: Partly-Parametric | U66: c(1/2,1) | V66: asOF | W66: TRUE | X66: TRUE | Y66: 1 | Z66: 1 | AA66: pvalue | AB66: threshold | AC66: 0.25 | AD66: TRUE | AE66: Selection | AF66: 20000 | AG66: 500 | AH66: Random | AI66: FALSE | AJ66: FALSE | AK66: TRUE | AL66: FALSE
A67: 66 | B67: S4, Ultra Aggressive, No CC, CPV | C67: CombPValue | D67: 2000 | E67: 0.025 | F67: NA | G67: NA | H67: UnPooled | I67: CombinationTest | J67: 5 | K67: 2 | L67: list(EP1 = "Binary", EP2 = "Binary") | M67: NA | N67: NA | O67: list(EP1 = c(0.1, 0.22, 0.22, 0.22, 0.22), EP2 = c(0.1, 0.22, 0.22, 0.22, 0.22)) | P67: c(1,1,1,1,1) | Q67: matrix(c(1,0.5,0.5,1),nrow = 2) | R67: c(0.25,0.25,0.25,0.25, 0, 0, 0, 0) | S67: matrix(c(0,1/12,1/12,1/12,3/4,0,0,0, 1/12,0,1/12,1/12,0,3/4,0,0, 1/12,1/12,0,1/12,0,0,3/4,0, 1/12,1/12,1/12,0,0,0,0,3/4, 0,1/3,1/3,1/3,0,0,0,0, 1/3,0,1/3,1/3,0,0,0,0, 1/3,1/3,0,1/3,0,0,0,0, 1/3,1/3,1/3,0,0,0,0,0), nrow = nEps*(nArms-1), byrow = T) | T67: Partly-Parametric | U67: c(1/2,1) | V67: asOF | W67: TRUE | X67: TRUE | Y67: 1 | Z67: 1 | AA67: pvalue | AB67: best | AC67: 1 | AD67: TRUE | AE67: Selection | AF67: 20000 | AG67: 500 | AH67: Random | AI67: FALSE | AJ67: FALSE | AK67: TRUE | AL67: FALSE
A68: 67 | B68: S4, Ultra Aggressive, No CC, CER | C68: CER | D68: 2000 | E68: 0.025 | F68: NA | G68: NA | H68: UnPooled | I68: CombinationTest | J68: 5 | K68: 2 | L68: list(EP1 = "Binary", EP2 = "Binary") | M68: NA | N68: NA | O68: list(EP1 = c(0.1, 0.22, 0.22, 0.22, 0.22), EP2 = c(0.1, 0.22, 0.22, 0.22, 0.22)) | P68: c(1,1,1,1,1) | Q68: matrix(c(1,0.5,0.5,1),nrow = 2) | R68: c(0.25,0.25,0.25,0.25, 0, 0, 0, 0) | S68: matrix(c(0,1/12,1/12,1/12,3/4,0,0,0, 1/12,0,1/12,1/12,0,3/4,0,0, 1/12,1/12,0,1/12,0,0,3/4,0, 1/12,1/12,1/12,0,0,0,0,3/4, 0,1/3,1/3,1/3,0,0,0,0, 1/3,0,1/3,1/3,0,0,0,0, 1/3,1/3,0,1/3,0,0,0,0, 1/3,1/3,1/3,0,0,0,0,0), nrow = nEps*(nArms-1), byrow = T) | T68: Partly-Parametric | U68: c(1/2,1) | V68: asOF | W68: TRUE | X68: TRUE | Y68: 1 | Z68: 1 | AA68: pvalue | AB68: best | AC68: 1 | AD68: TRUE | AE68: Selection | AF68: 20000 | AG68: 500 | AH68: Random | AI68: FALSE | AJ68: FALSE | AK68: TRUE | AL68: FALSE
A69: 68 | B69: S1, No Select, CC, CPV, N=800 | C69: CombPValue | D69: 800 | E69: 0.025 | F69: NA | G69: NA | H69: UnPooled | I69: CombinationTest | J69: 5 | K69: 2 | L69: list(EP1 = "Binary", EP2 = "Binary") | M69: NA | N69: NA | O69: list(EP1 = c(0.1, 0.1, 0.1, 0.1, 0.22), EP2 = c(0.1, 0.1, 0.1, 0.1, 0.22)) | P69: c(1,1,1,1,1) | Q69: matrix(c(1, 0.5, 0.5, 1), byrow = T, nrow = 2) | R69: c(0.25,0.25,0.25,0.25, 0, 0, 0, 0) | S69: matrix(c(0,1/12,1/12,1/12,3/4,0,0,0, 1/12,0,1/12,1/12,0,3/4,0,0, 1/12,1/12,0,1/12,0,0,3/4,0, 1/12,1/12,1/12,0,0,0,0,3/4, 0,1/3,1/3,1/3,0,0,0,0, 1/3,0,1/3,1/3,0,0,0,0, 1/3,1/3,0,1/3,0,0,0,0, 1/3,1/3,1/3,0,0,0,0,0), nrow = nEps*(nArms-1), byrow = T) | T69: Partly-Parametric | U69: c(0.5, 1) | V69: asOF | W69: TRUE | X69: FALSE | Y69: NA | Z69: NA | AA69: NA | AB69: NA | AC69: NA | AD69: NA | AE69: None | AF69: 20000 | AG69: 500 | AH69: Random | AI69: FALSE | AJ69: FALSE | AK69: TRUE | AL69: TRUE
A70: 69 | B70: S1, No Select, CC, CER, N=800 | C70: CER | D70: 800 | E70: 0.025 | F70: NA | G70: NA | H70: UnPooled | I70: CombinationTest | J70: 5 | K70: 2 | L70: list(EP1 = "Binary", EP2 = "Binary") | M70: NA | N70: NA | O70: list(EP1 = c(0.1, 0.1, 0.1, 0.1, 0.22), EP2 = c(0.1, 0.1, 0.1, 0.1, 0.22)) | P70: c(1,1,1,1,1) | Q70: matrix(c(1, 0.5, 0.5, 1), byrow = T, nrow = 2) | R70: c(0.25,0.25,0.25,0.25, 0, 0, 0, 0) | S70: matrix(c(0,1/12,1/12,1/12,3/4,0,0,0, 1/12,0,1/12,1/12,0,3/4,0,0, 1/12,1/12,0,1/12,0,0,3/4,0, 1/12,1/12,1/12,0,0,0,0,3/4, 0,1/3,1/3,1/3,0,0,0,0, 1/3,0,1/3,1/3,0,0,0,0, 1/3,1/3,0,1/3,0,0,0,0, 1/3,1/3,1/3,0,0,0,0,0), nrow = nEps*(nArms-1), byrow = T) | T70: Partly-Parametric | U70: c(0.5, 1) | V70: asOF | W70: TRUE | X70: FALSE | Y70: NA | Z70: NA | AA70: NA | AB70: NA | AC70: NA | AD70: NA | AE70: None | AF70: 20000 | AG70: 500 | AH70: Random | AI70: FALSE | AJ70: FALSE | AK70: TRUE | AL70: TRUE
A71: 70 | B71: S1, Conservative, CC, CPV, N=800 | C71: CombPValue | D71: 800 | E71: 0.025 | F71: NA | G71: NA | H71: UnPooled | I71: CombinationTest | J71: 5 | K71: 2 | L71: list(EP1 = "Binary", EP2 = "Binary") | M71: NA | N71: NA | O71: list(EP1 = c(0.1, 0.1, 0.1, 0.1, 0.22), EP2 = c(0.1, 0.1, 0.1, 0.1, 0.22)) | P71: c(1,1,1,1,1) | Q71: matrix(c(1,0.5,0.5,1),nrow = 2) | R71: c(0.25,0.25,0.25,0.25, 0, 0, 0, 0) | S71: matrix(c(0,1/12,1/12,1/12,3/4,0,0,0, 1/12,0,1/12,1/12,0,3/4,0,0, 1/12,1/12,0,1/12,0,0,3/4,0, 1/12,1/12,1/12,0,0,0,0,3/4, 0,1/3,1/3,1/3,0,0,0,0, 1/3,0,1/3,1/3,0,0,0,0, 1/3,1/3,0,1/3,0,0,0,0, 1/3,1/3,1/3,0,0,0,0,0), nrow = nEps*(nArms-1), byrow = T) | T71: Partly-Parametric | U71: c(1/2,1) | V71: asOF | W71: TRUE | X71: TRUE | Y71: 1 | Z71: 1 | AA71: pvalue | AB71: threshold | AC71: 0.75 | AD71: TRUE | AE71: Selection | AF71: 20000 | AG71: 500 | AH71: Random | AI71: FALSE | AJ71: FALSE | AK71: TRUE | AL71: TRUE
A72: 71 | B72: S1, Conservative, CC, CER, N=800 | C72: CER | D72: 800 | E72: 0.025 | F72: NA | G72: NA | H72: UnPooled | I72: CombinationTest | J72: 5 | K72: 2 | L72: list(EP1 = "Binary", EP2 = "Binary") | M72: NA | N72: NA | O72: list(EP1 = c(0.1, 0.1, 0.1, 0.1, 0.22), EP2 = c(0.1, 0.1, 0.1, 0.1, 0.22)) | P72: c(1,1,1,1,1) | Q72: matrix(c(1,0.5,0.5,1),nrow = 2) | R72: c(0.25,0.25,0.25,0.25, 0, 0, 0, 0) | S72: matrix(c(0,1/12,1/12,1/12,3/4,0,0,0, 1/12,0,1/12,1/12,0,3/4,0,0, 1/12,1/12,0,1/12,0,0,3/4,0, 1/12,1/12,1/12,0,0,0,0,3/4, 0,1/3,1/3,1/3,0,0,0,0, 1/3,0,1/3,1/3,0,0,0,0, 1/3,1/3,0,1/3,0,0,0,0, 1/3,1/3,1/3,0,0,0,0,0), nrow = nEps*(nArms-1), byrow = T) | T72: Partly-Parametric | U72: c(1/2,1) | V72: asOF | W72: TRUE | X72: TRUE | Y72: 1 | Z72: 1 | AA72: pvalue | AB72: threshold | AC72: 0.75 | AD72: TRUE | AE72: Selection | AF72: 20000 | AG72: 500 | AH72: Random | AI72: FALSE | AJ72: FALSE | AK72: TRUE | AL72: TRUE
A73: 72 | B73: S1, Normal, CC, CPV, N=800 | C73: CombPValue | D73: 800 | E73: 0.025 | F73: NA | G73: NA | H73: UnPooled | I73: CombinationTest | J73: 5 | K73: 2 | L73: list(EP1 = "Binary", EP2 = "Binary") | M73: NA | N73: NA | O73: list(EP1 = c(0.1, 0.1, 0.1, 0.1, 0.22), EP2 = c(0.1, 0.1, 0.1, 0.1, 0.22)) | P73: c(1,1,1,1,1) | Q73: matrix(c(1,0.5,0.5,1),nrow = 2) | R73: c(0.25,0.25,0.25,0.25, 0, 0, 0, 0) | S73: matrix(c(0,1/12,1/12,1/12,3/4,0,0,0, 1/12,0,1/12,1/12,0,3/4,0,0, 1/12,1/12,0,1/12,0,0,3/4,0, 1/12,1/12,1/12,0,0,0,0,3/4, 0,1/3,1/3,1/3,0,0,0,0, 1/3,0,1/3,1/3,0,0,0,0, 1/3,1/3,0,1/3,0,0,0,0, 1/3,1/3,1/3,0,0,0,0,0), nrow = nEps*(nArms-1), byrow = T) | T73: Partly-Parametric | U73: c(1/2,1) | V73: asOF | W73: TRUE | X73: TRUE | Y73: 1 | Z73: 1 | AA73: pvalue | AB73: threshold | AC73: 0.5 | AD73: TRUE | AE73: Selection | AF73: 20000 | AG73: 500 | AH73: Random | AI73: FALSE | AJ73: FALSE | AK73: TRUE | AL73: TRUE
A74: 73 | B74: S1, Normal, CC, CER, N=800 | C74: CER | D74: 800 | E74: 0.025 | F74: NA | G74: NA | H74: UnPooled | I74: CombinationTest | J74: 5 | K74: 2 | L74: list(EP1 = "Binary", EP2 = "Binary") | M74: NA | N74: NA | O74: list(EP1 = c(0.1, 0.1, 0.1, 0.1, 0.22), EP2 = c(0.1, 0.1, 0.1, 0.1, 0.22)) | P74: c(1,1,1,1,1) | Q74: matrix(c(1,0.5,0.5,1),nrow = 2) | R74: c(0.25,0.25,0.25,0.25, 0, 0, 0, 0) | S74: matrix(c(0,1/12,1/12,1/12,3/4,0,0,0, 1/12,0,1/12,1/12,0,3/4,0,0, 1/12,1/12,0,1/12,0,0,3/4,0, 1/12,1/12,1/12,0,0,0,0,3/4, 0,1/3,1/3,1/3,0,0,0,0, 1/3,0,1/3,1/3,0,0,0,0, 1/3,1/3,0,1/3,0,0,0,0, 1/3,1/3,1/3,0,0,0,0,0), nrow = nEps*(nArms-1), byrow = T) | T74: Partly-Parametric | U74: c(1/2,1) | V74: asOF | W74: TRUE | X74: TRUE | Y74: 1 | Z74: 1 | AA74: pvalue | AB74: threshold | AC74: 0.5 | AD74: TRUE | AE74: Selection | AF74: 20000 | AG74: 500 | AH74: Random | AI74: FALSE | AJ74: FALSE | AK74: TRUE | AL74: TRUE
A75: 74 | B75: S1, Aggressive, CC, CPV, N=800 | C75: CombPValue | D75: 800 | E75: 0.025 | F75: NA | G75: NA | H75: UnPooled | I75: CombinationTest | J75: 5 | K75: 2 | L75: list(EP1 = "Binary", EP2 = "Binary") | M75: NA | N75: NA | O75: list(EP1 = c(0.1, 0.1, 0.1, 0.1, 0.22), EP2 = c(0.1, 0.1, 0.1, 0.1, 0.22)) | P75: c(1,1,1,1,1) | Q75: matrix(c(1,0.5,0.5,1),nrow = 2) | R75: c(0.25,0.25,0.25,0.25, 0, 0, 0, 0) | S75: matrix(c(0,1/12,1/12,1/12,3/4,0,0,0, 1/12,0,1/12,1/12,0,3/4,0,0, 1/12,1/12,0,1/12,0,0,3/4,0, 1/12,1/12,1/12,0,0,0,0,3/4, 0,1/3,1/3,1/3,0,0,0,0, 1/3,0,1/3,1/3,0,0,0,0, 1/3,1/3,0,1/3,0,0,0,0, 1/3,1/3,1/3,0,0,0,0,0), nrow = nEps*(nArms-1), byrow = T) | T75: Partly-Parametric | U75: c(1/2,1) | V75: asOF | W75: TRUE | X75: TRUE | Y75: 1 | Z75: 1 | AA75: pvalue | AB75: threshold | AC75: 0.25 | AD75: TRUE | AE75: Selection | AF75: 20000 | AG75: 500 | AH75: Random | AI75: FALSE | AJ75: FALSE | AK75: TRUE | AL75: TRUE
A76: 75 | B76: S1, Aggressive, CC, CER, N=800 | C76: CER | D76: 800 | E76: 0.025 | F76: NA | G76: NA | H76: UnPooled | I76: CombinationTest | J76: 5 | K76: 2 | L76: list(EP1 = "Binary", EP2 = "Binary") | M76: NA | N76: NA | O76: list(EP1 = c(0.1, 0.1, 0.1, 0.1, 0.22), EP2 = c(0.1, 0.1, 0.1, 0.1, 0.22)) | P76: c(1,1,1,1,1) | Q76: matrix(c(1,0.5,0.5,1),nrow = 2) | R76: c(0.25,0.25,0.25,0.25, 0, 0, 0, 0) | S76: matrix(c(0,1/12,1/12,1/12,3/4,0,0,0, 1/12,0,1/12,1/12,0,3/4,0,0, 1/12,1/12,0,1/12,0,0,3/4,0, 1/12,1/12,1/12,0,0,0,0,3/4, 0,1/3,1/3,1/3,0,0,0,0, 1/3,0,1/3,1/3,0,0,0,0, 1/3,1/3,0,1/3,0,0,0,0, 1/3,1/3,1/3,0,0,0,0,0), nrow = nEps*(nArms-1), byrow = T) | T76: Partly-Parametric | U76: c(1/2,1) | V76: asOF | W76: TRUE | X76: TRUE | Y76: 1 | Z76: 1 | AA76: pvalue | AB76: threshold | AC76: 0.25 | AD76: TRUE | AE76: Selection | AF76: 20000 | AG76: 500 | AH76: Random | AI76: FALSE | AJ76: FALSE | AK76: TRUE | AL76: TRUE
A77: 76 | B77: S1, Ultra Aggressive, CC, CPV, N=800 | C77: CombPValue | D77: 800 | E77: 0.025 | F77: NA | G77: NA | H77: UnPooled | I77: CombinationTest | J77: 5 | K77: 2 | L77: list(EP1 = "Binary", EP2 = "Binary") | M77: NA | N77: NA | O77: list(EP1 = c(0.1, 0.1, 0.1, 0.1, 0.22), EP2 = c(0.1, 0.1, 0.1, 0.1, 0.22)) | P77: c(1,1,1,1,1) | Q77: matrix(c(1,0.5,0.5,1),nrow = 2) | R77: c(0.25,0.25,0.25,0.25, 0, 0, 0, 0) | S77: matrix(c(0,1/12,1/12,1/12,3/4,0,0,0, 1/12,0,1/12,1/12,0,3/4,0,0, 1/12,1/12,0,1/12,0,0,3/4,0, 1/12,1/12,1/12,0,0,0,0,3/4, 0,1/3,1/3,1/3,0,0,0,0, 1/3,0,1/3,1/3,0,0,0,0, 1/3,1/3,0,1/3,0,0,0,0, 1/3,1/3,1/3,0,0,0,0,0), nrow = nEps*(nArms-1), byrow = T) | T77: Partly-Parametric | U77: c(1/2,1) | V77: asOF | W77: TRUE | X77: TRUE | Y77: 1 | Z77: 1 | AA77: pvalue | AB77: best | AC77: 1 | AD77: TRUE | AE77: Selection | AF77: 20000 | AG77: 500 | AH77: Random | AI77: FALSE | AJ77: FALSE | AK77: TRUE | AL77: TRUE
A78: 77 | B78: S1, Ultra Aggressive, CC, CER, N=800 | C78: CER | D78: 800 | E78: 0.025 | F78: NA | G78: NA | H78: UnPooled | I78: CombinationTest | J78: 5 | K78: 2 | L78: list(EP1 = "Binary", EP2 = "Binary") | M78: NA | N78: NA | O78: list(EP1 = c(0.1, 0.1, 0.1, 0.1, 0.22), EP2 = c(0.1, 0.1, 0.1, 0.1, 0.22)) | P78: c(1,1,1,1,1) | Q78: matrix(c(1,0.5,0.5,1),nrow = 2) | R78: c(0.25,0.25,0.25,0.25, 0, 0, 0, 0) | S78: matrix(c(0,1/12,1/12,1/12,3/4,0,0,0, 1/12,0,1/12,1/12,0,3/4,0,0, 1/12,1/12,0,1/12,0,0,3/4,0, 1/12,1/12,1/12,0,0,0,0,3/4, 0,1/3,1/3,1/3,0,0,0,0, 1/3,0,1/3,1/3,0,0,0,0, 1/3,1/3,0,1/3,0,0,0,0, 1/3,1/3,1/3,0,0,0,0,0), nrow = nEps*(nArms-1), byrow = T) | T78: Partly-Parametric | U78: c(1/2,1) | V78: asOF | W78: TRUE | X78: TRUE | Y78: 1 | Z78: 1 | AA78: pvalue | AB78: best | AC78: 1 | AD78: TRUE | AE78: Selection | AF78: 20000 | AG78: 500 | AH78: Random | AI78: FALSE | AJ78: FALSE | AK78: TRUE | AL78: TRUE
A79: 78 | B79: S2, No Select, CC, CPV, N=800 | C79: CombPValue | D79: 800 | E79: 0.025 | F79: NA | G79: NA | H79: UnPooled | I79: CombinationTest | J79: 5 | K79: 2 | L79: list(EP1 = "Binary", EP2 = "Binary") | M79: NA | N79: NA | O79: list(EP1 = c(0.1, 0.1, 0.1, 0.22, 0.22), EP2 = c(0.1, 0.1, 0.1, 0.22, 0.22)) | P79: c(1,1,1,1,1) | Q79: matrix(c(1, 0.5, 0.5, 1), byrow = T, nrow = 2) | R79: c(0.25,0.25,0.25,0.25, 0, 0, 0, 0) | S79: matrix(c(0,1/12,1/12,1/12,3/4,0,0,0, 1/12,0,1/12,1/12,0,3/4,0,0, 1/12,1/12,0,1/12,0,0,3/4,0, 1/12,1/12,1/12,0,0,0,0,3/4, 0,1/3,1/3,1/3,0,0,0,0, 1/3,0,1/3,1/3,0,0,0,0, 1/3,1/3,0,1/3,0,0,0,0, 1/3,1/3,1/3,0,0,0,0,0), nrow = nEps*(nArms-1), byrow = T) | T79: Partly-Parametric | U79: c(0.5, 1) | V79: asOF | W79: TRUE | X79: FALSE | Y79: NA | Z79: NA | AA79: NA | AB79: NA | AC79: NA | AD79: NA | AE79: None | AF79: 20000 | AG79: 500 | AH79: Random | AI79: FALSE | AJ79: FALSE | AK79: TRUE | AL79: TRUE
A80: 79 | B80: S2, No Select, CC, CER, N=800 | C80: CER | D80: 800 | E80: 0.025 | F80: NA | G80: NA | H80: UnPooled | I80: CombinationTest | J80: 5 | K80: 2 | L80: list(EP1 = "Binary", EP2 = "Binary") | M80: NA | N80: NA | O80: list(EP1 = c(0.1, 0.1, 0.1, 0.22, 0.22), EP2 = c(0.1, 0.1, 0.1, 0.22, 0.22)) | P80: c(1,1,1,1,1) | Q80: matrix(c(1, 0.5, 0.5, 1), byrow = T, nrow = 2) | R80: c(0.25,0.25,0.25,0.25, 0, 0, 0, 0) | S80: matrix(c(0,1/12,1/12,1/12,3/4,0,0,0, 1/12,0,1/12,1/12,0,3/4,0,0, 1/12,1/12,0,1/12,0,0,3/4,0, 1/12,1/12,1/12,0,0,0,0,3/4, 0,1/3,1/3,1/3,0,0,0,0, 1/3,0,1/3,1/3,0,0,0,0, 1/3,1/3,0,1/3,0,0,0,0, 1/3,1/3,1/3,0,0,0,0,0), nrow = nEps*(nArms-1), byrow = T) | T80: Partly-Parametric | U80: c(0.5, 1) | V80: asOF | W80: TRUE | X80: FALSE | Y80: NA | Z80: NA | AA80: NA | AB80: NA | AC80: NA | AD80: NA | AE80: None | AF80: 20000 | AG80: 500 | AH80: Random | AI80: FALSE | AJ80: FALSE | AK80: TRUE | AL80: TRUE
A81: 80 | B81: S2, Conservative, CC, CPV, N=800 | C81: CombPValue | D81: 800 | E81: 0.025 | F81: NA | G81: NA | H81: UnPooled | I81: CombinationTest | J81: 5 | K81: 2 | L81: list(EP1 = "Binary", EP2 = "Binary") | M81: NA | N81: NA | O81: list(EP1 = c(0.1, 0.1, 0.1, 0.22, 0.22), EP2 = c(0.1, 0.1, 0.1, 0.22, 0.22)) | P81: c(1,1,1,1,1) | Q81: matrix(c(1,0.5,0.5,1),nrow = 2) | R81: c(0.25,0.25,0.25,0.25, 0, 0, 0, 0) | S81: matrix(c(0,1/12,1/12,1/12,3/4,0,0,0, 1/12,0,1/12,1/12,0,3/4,0,0, 1/12,1/12,0,1/12,0,0,3/4,0, 1/12,1/12,1/12,0,0,0,0,3/4, 0,1/3,1/3,1/3,0,0,0,0, 1/3,0,1/3,1/3,0,0,0,0, 1/3,1/3,0,1/3,0,0,0,0, 1/3,1/3,1/3,0,0,0,0,0), nrow = nEps*(nArms-1), byrow = T) | T81: Partly-Parametric | U81: c(1/2,1) | V81: asOF | W81: TRUE | X81: TRUE | Y81: 1 | Z81: 1 | AA81: pvalue | AB81: threshold | AC81: 0.75 | AD81: TRUE | AE81: Selection | AF81: 20000 | AG81: 500 | AH81: Random | AI81: FALSE | AJ81: FALSE | AK81: TRUE | AL81: TRUE
A82: 81 | B82: S2, Conservative, CC, CER, N=800 | C82: CER | D82: 800 | E82: 0.025 | F82: NA | G82: NA | H82: UnPooled | I82: CombinationTest | J82: 5 | K82: 2 | L82: list(EP1 = "Binary", EP2 = "Binary") | M82: NA | N82: NA | O82: list(EP1 = c(0.1, 0.1, 0.1, 0.22, 0.22), EP2 = c(0.1, 0.1, 0.1, 0.22, 0.22)) | P82: c(1,1,1,1,1) | Q82: matrix(c(1,0.5,0.5,1),nrow = 2) | R82: c(0.25,0.25,0.25,0.25, 0, 0, 0, 0) | S82: matrix(c(0,1/12,1/12,1/12,3/4,0,0,0, 1/12,0,1/12,1/12,0,3/4,0,0, 1/12,1/12,0,1/12,0,0,3/4,0, 1/12,1/12,1/12,0,0,0,0,3/4, 0,1/3,1/3,1/3,0,0,0,0, 1/3,0,1/3,1/3,0,0,0,0, 1/3,1/3,0,1/3,0,0,0,0, 1/3,1/3,1/3,0,0,0,0,0), nrow = nEps*(nArms-1), byrow = T) | T82: Partly-Parametric | U82: c(1/2,1) | V82: asOF | W82: TRUE | X82: TRUE | Y82: 1 | Z82: 1 | AA82: pvalue | AB82: threshold | AC82: 0.75 | AD82: TRUE | AE82: Selection | AF82: 20000 | AG82: 500 | AH82: Random | AI82: FALSE | AJ82: FALSE | AK82: TRUE | AL82: TRUE
A83: 82 | B83: S2, Normal, CC, CPV, N=800 | C83: CombPValue | D83: 800 | E83: 0.025 | F83: NA | G83: NA | H83: UnPooled | I83: CombinationTest | J83: 5 | K83: 2 | L83: list(EP1 = "Binary", EP2 = "Binary") | M83: NA | N83: NA | O83: list(EP1 = c(0.1, 0.1, 0.1, 0.22, 0.22), EP2 = c(0.1, 0.1, 0.1, 0.22, 0.22)) | P83: c(1,1,1,1,1) | Q83: matrix(c(1,0.5,0.5,1),nrow = 2) | R83: c(0.25,0.25,0.25,0.25, 0, 0, 0, 0) | S83: matrix(c(0,1/12,1/12,1/12,3/4,0,0,0, 1/12,0,1/12,1/12,0,3/4,0,0, 1/12,1/12,0,1/12,0,0,3/4,0, 1/12,1/12,1/12,0,0,0,0,3/4, 0,1/3,1/3,1/3,0,0,0,0, 1/3,0,1/3,1/3,0,0,0,0, 1/3,1/3,0,1/3,0,0,0,0, 1/3,1/3,1/3,0,0,0,0,0), nrow = nEps*(nArms-1), byrow = T) | T83: Partly-Parametric | U83: c(1/2,1) | V83: asOF | W83: TRUE | X83: TRUE | Y83: 1 | Z83: 1 | AA83: pvalue | AB83: threshold | AC83: 0.5 | AD83: TRUE | AE83: Selection | AF83: 20000 | AG83: 500 | AH83: Random | AI83: FALSE | AJ83: FALSE | AK83: TRUE | AL83: TRUE
A84: 83 | B84: S2, Normal, CC, CER, N=800 | C84: CER | D84: 800 | E84: 0.025 | F84: NA | G84: NA | H84: UnPooled | I84: CombinationTest | J84: 5 | K84: 2 | L84: list(EP1 = "Binary", EP2 = "Binary") | M84: NA | N84: NA | O84: list(EP1 = c(0.1, 0.1, 0.1, 0.22, 0.22), EP2 = c(0.1, 0.1, 0.1, 0.22, 0.22)) | P84: c(1,1,1,1,1) | Q84: matrix(c(1,0.5,0.5,1),nrow = 2) | R84: c(0.25,0.25,0.25,0.25, 0, 0, 0, 0) | S84: matrix(c(0,1/12,1/12,1/12,3/4,0,0,0, 1/12,0,1/12,1/12,0,3/4,0,0, 1/12,1/12,0,1/12,0,0,3/4,0, 1/12,1/12,1/12,0,0,0,0,3/4, 0,1/3,1/3,1/3,0,0,0,0, 1/3,0,1/3,1/3,0,0,0,0, 1/3,1/3,0,1/3,0,0,0,0, 1/3,1/3,1/3,0,0,0,0,0), nrow = nEps*(nArms-1), byrow = T) | T84: Partly-Parametric | U84: c(1/2,1) | V84: asOF | W84: TRUE | X84: TRUE | Y84: 1 | Z84: 1 | AA84: pvalue | AB84: threshold | AC84: 0.5 | AD84: TRUE | AE84: Selection | AF84: 20000 | AG84: 500 | AH84: Random | AI84: FALSE | AJ84: FALSE | AK84: TRUE | AL84: TRUE
A85: 84 | B85: S2, Aggressive, CC, CPV, N=800 | C85: CombPValue | D85: 800 | E85: 0.025 | F85: NA | G85: NA | H85: UnPooled | I85: CombinationTest | J85: 5 | K85: 2 | L85: list(EP1 = "Binary", EP2 = "Binary") | M85: NA | N85: NA | O85: list(EP1 = c(0.1, 0.1, 0.1, 0.22, 0.22), EP2 = c(0.1, 0.1, 0.1, 0.22, 0.22)) | P85: c(1,1,1,1,1) | Q85: matrix(c(1,0.5,0.5,1),nrow = 2) | R85: c(0.25,0.25,0.25,0.25, 0, 0, 0, 0) | S85: matrix(c(0,1/12,1/12,1/12,3/4,0,0,0, 1/12,0,1/12,1/12,0,3/4,0,0, 1/12,1/12,0,1/12,0,0,3/4,0, 1/12,1/12,1/12,0,0,0,0,3/4, 0,1/3,1/3,1/3,0,0,0,0, 1/3,0,1/3,1/3,0,0,0,0, 1/3,1/3,0,1/3,0,0,0,0, 1/3,1/3,1/3,0,0,0,0,0), nrow = nEps*(nArms-1), byrow = T) | T85: Partly-Parametric | U85: c(1/2,1) | V85: asOF | W85: TRUE | X85: TRUE | Y85: 1 | Z85: 1 | AA85: pvalue | AB85: threshold | AC85: 0.25 | AD85: TRUE | AE85: Selection | AF85: 20000 | AG85: 500 | AH85: Random | AI85: FALSE | AJ85: FALSE | AK85: TRUE | AL85: TRUE
A86: 85 | B86: S2, Aggressive, CC, CER, N=800 | C86: CER | D86: 800 | E86: 0.025 | F86: NA | G86: NA | H86: UnPooled | I86: CombinationTest | J86: 5 | K86: 2 | L86: list(EP1 = "Binary", EP2 = "Binary") | M86: NA | N86: NA | O86: list(EP1 = c(0.1, 0.1, 0.1, 0.22, 0.22), EP2 = c(0.1, 0.1, 0.1, 0.22, 0.22)) | P86: c(1,1,1,1,1) | Q86: matrix(c(1,0.5,0.5,1),nrow = 2) | R86: c(0.25,0.25,0.25,0.25, 0, 0, 0, 0) | S86: matrix(c(0,1/12,1/12,1/12,3/4,0,0,0, 1/12,0,1/12,1/12,0,3/4,0,0, 1/12,1/12,0,1/12,0,0,3/4,0, 1/12,1/12,1/12,0,0,0,0,3/4, 0,1/3,1/3,1/3,0,0,0,0, 1/3,0,1/3,1/3,0,0,0,0, 1/3,1/3,0,1/3,0,0,0,0, 1/3,1/3,1/3,0,0,0,0,0), nrow = nEps*(nArms-1), byrow = T) | T86: Partly-Parametric | U86: c(1/2,1) | V86: asOF | W86: TRUE | X86: TRUE | Y86: 1 | Z86: 1 | AA86: pvalue | AB86: threshold | AC86: 0.25 | AD86: TRUE | AE86: Selection | AF86: 20000 | AG86: 500 | AH86: Random | AI86: FALSE | AJ86: FALSE | AK86: TRUE | AL86: TRUE
A87: 86 | B87: S2, Ultra Aggressive, CC, CPV, N=800 | C87: CombPValue | D87: 800 | E87: 0.025 | F87: NA | G87: NA | H87: UnPooled | I87: CombinationTest | J87: 5 | K87: 2 | L87: list(EP1 = "Binary", EP2 = "Binary") | M87: NA | N87: NA | O87: list(EP1 = c(0.1, 0.1, 0.1, 0.22, 0.22), EP2 = c(0.1, 0.1, 0.1, 0.22, 0.22)) | P87: c(1,1,1,1,1) | Q87: matrix(c(1,0.5,0.5,1),nrow = 2) | R87: c(0.25,0.25,0.25,0.25, 0, 0, 0, 0) | S87: matrix(c(0,1/12,1/12,1/12,3/4,0,0,0, 1/12,0,1/12,1/12,0,3/4,0,0, 1/12,1/12,0,1/12,0,0,3/4,0, 1/12,1/12,1/12,0,0,0,0,3/4, 0,1/3,1/3,1/3,0,0,0,0, 1/3,0,1/3,1/3,0,0,0,0, 1/3,1/3,0,1/3,0,0,0,0, 1/3,1/3,1/3,0,0,0,0,0), nrow = nEps*(nArms-1), byrow = T) | T87: Partly-Parametric | U87: c(1/2,1) | V87: asOF | W87: TRUE | X87: TRUE | Y87: 1 | Z87: 1 | AA87: pvalue | AB87: best | AC87: 1 | AD87: TRUE | AE87: Selection | AF87: 20000 | AG87: 500 | AH87: Random | AI87: FALSE | AJ87: FALSE | AK87: TRUE | AL87: TRUE
A88: 87 | B88: S2, Ultra Aggressive, CC, CER, N=800, KAE=T | C88: CER | D88: 800 | E88: 0.025 | F88: NA | G88: NA | H88: UnPooled | I88: CombinationTest | J88: 5 | K88: 2 | L88: list(EP1 = "Binary", EP2 = "Binary") | M88: NA | N88: NA | O88: list(EP1 = c(0.1, 0.1, 0.1, 0.22, 0.22), EP2 = c(0.1, 0.1, 0.1, 0.22, 0.22)) | P88: c(1,1,1,1,1) | Q88: matrix(c(1,0.5,0.5,1),nrow = 2) | R88: c(0.25,0.25,0.25,0.25, 0, 0, 0, 0) | S88: matrix(c(0,1/12,1/12,1/12,3/4,0,0,0, 1/12,0,1/12,1/12,0,3/4,0,0, 1/12,1/12,0,1/12,0,0,3/4,0, 1/12,1/12,1/12,0,0,0,0,3/4, 0,1/3,1/3,1/3,0,0,0,0, 1/3,0,1/3,1/3,0,0,0,0, 1/3,1/3,0,1/3,0,0,0,0, 1/3,1/3,1/3,0,0,0,0,0), nrow = nEps*(nArms-1), byrow = T) | T88: Partly-Parametric | U88: c(1/2,1) | V88: asOF | W88: TRUE | X88: TRUE | Y88: 1 | Z88: 1 | AA88: pvalue | AB88: best | AC88: 1 | AD88: TRUE | AE88: Selection | AF88: 20000 | AG88: 500 | AH88: Random | AI88: FALSE | AJ88: FALSE | AK88: TRUE | AL88: TRUE
A89: 88 | B89: S3, No Select, CC, CPV, N=800 | C89: CombPValue | D89: 800 | E89: 0.025 | F89: NA | G89: NA | H89: UnPooled | I89: CombinationTest | J89: 5 | K89: 2 | L89: list(EP1 = "Binary", EP2 = "Binary") | M89: NA | N89: NA | O89: list(EP1 = c(0.1, 0.1, 0.22, 0.22, 0.22), EP2 = c(0.1, 0.1, 0.22, 0.22, 0.22)) | P89: c(1,1,1,1,1) | Q89: matrix(c(1, 0.5, 0.5, 1), byrow = T, nrow = 2) | R89: c(0.25,0.25,0.25,0.25, 0, 0, 0, 0) | S89: matrix(c(0,1/12,1/12,1/12,3/4,0,0,0, 1/12,0,1/12,1/12,0,3/4,0,0, 1/12,1/12,0,1/12,0,0,3/4,0, 1/12,1/12,1/12,0,0,0,0,3/4, 0,1/3,1/3,1/3,0,0,0,0, 1/3,0,1/3,1/3,0,0,0,0, 1/3,1/3,0,1/3,0,0,0,0, 1/3,1/3,1/3,0,0,0,0,0), nrow = nEps*(nArms-1), byrow = T) | T89: Partly-Parametric | U89: c(0.5, 1) | V89: asOF | W89: TRUE | X89: FALSE | Y89: NA | Z89: NA | AA89: NA | AB89: NA | AC89: NA | AD89: NA | AE89: None | AF89: 20000 | AG89: 500 | AH89: Random | AI89: FALSE | AJ89: FALSE | AK89: TRUE | AL89: TRUE
A90: 89 | B90: S3, No Select, CC, CER, N=800 | C90: CER | D90: 800 | E90: 0.025 | F90: NA | G90: NA | H90: UnPooled | I90: CombinationTest | J90: 5 | K90: 2 | L90: list(EP1 = "Binary", EP2 = "Binary") | M90: NA | N90: NA | O90: list(EP1 = c(0.1, 0.1, 0.22, 0.22, 0.22), EP2 = c(0.1, 0.1, 0.22, 0.22, 0.22)) | P90: c(1,1,1,1,1) | Q90: matrix(c(1, 0.5, 0.5, 1), byrow = T, nrow = 2) | R90: c(0.25,0.25,0.25,0.25, 0, 0, 0, 0) | S90: matrix(c(0,1/12,1/12,1/12,3/4,0,0,0, 1/12,0,1/12,1/12,0,3/4,0,0, 1/12,1/12,0,1/12,0,0,3/4,0, 1/12,1/12,1/12,0,0,0,0,3/4, 0,1/3,1/3,1/3,0,0,0,0, 1/3,0,1/3,1/3,0,0,0,0, 1/3,1/3,0,1/3,0,0,0,0, 1/3,1/3,1/3,0,0,0,0,0), nrow = nEps*(nArms-1), byrow = T) | T90: Partly-Parametric | U90: c(0.5, 1) | V90: asOF | W90: TRUE | X90: FALSE | Y90: NA | Z90: NA | AA90: NA | AB90: NA | AC90: NA | AD90: NA | AE90: None | AF90: 20000 | AG90: 500 | AH90: Random | AI90: FALSE | AJ90: FALSE | AK90: TRUE | AL90: TRUE
A91: 90 | B91: S3, Conservative, CC, CPV, N=800 | C91: CombPValue | D91: 800 | E91: 0.025 | F91: NA | G91: NA | H91: UnPooled | I91: CombinationTest | J91: 5 | K91: 2 | L91: list(EP1 = "Binary", EP2 = "Binary") | M91: NA | N91: NA | O91: list(EP1 = c(0.1, 0.1, 0.22, 0.22, 0.22), EP2 = c(0.1, 0.1, 0.22, 0.22, 0.22)) | P91: c(1,1,1,1,1) | Q91: matrix(c(1,0.5,0.5,1),nrow = 2) | R91: c(0.25,0.25,0.25,0.25, 0, 0, 0, 0) | S91: matrix(c(0,1/12,1/12,1/12,3/4,0,0,0, 1/12,0,1/12,1/12,0,3/4,0,0, 1/12,1/12,0,1/12,0,0,3/4,0, 1/12,1/12,1/12,0,0,0,0,3/4, 0,1/3,1/3,1/3,0,0,0,0, 1/3,0,1/3,1/3,0,0,0,0, 1/3,1/3,0,1/3,0,0,0,0, 1/3,1/3,1/3,0,0,0,0,0), nrow = nEps*(nArms-1), byrow = T) | T91: Partly-Parametric | U91: c(1/2,1) | V91: asOF | W91: TRUE | X91: TRUE | Y91: 1 | Z91: 1 | AA91: pvalue | AB91: threshold | AC91: 0.75 | AD91: TRUE | AE91: Selection | AF91: 20000 | AG91: 500 | AH91: Random | AI91: FALSE | AJ91: FALSE | AK91: TRUE | AL91: TRUE
A92: 91 | B92: S3, Conservative, CC, CER, N=800 | C92: CER | D92: 800 | E92: 0.025 | F92: NA | G92: NA | H92: UnPooled | I92: CombinationTest | J92: 5 | K92: 2 | L92: list(EP1 = "Binary", EP2 = "Binary") | M92: NA | N92: NA | O92: list(EP1 = c(0.1, 0.1, 0.22, 0.22, 0.22), EP2 = c(0.1, 0.1, 0.22, 0.22, 0.22)) | P92: c(1,1,1,1,1) | Q92: matrix(c(1,0.5,0.5,1),nrow = 2) | R92: c(0.25,0.25,0.25,0.25, 0, 0, 0, 0) | S92: matrix(c(0,1/12,1/12,1/12,3/4,0,0,0, 1/12,0,1/12,1/12,0,3/4,0,0, 1/12,1/12,0,1/12,0,0,3/4,0, 1/12,1/12,1/12,0,0,0,0,3/4, 0,1/3,1/3,1/3,0,0,0,0, 1/3,0,1/3,1/3,0,0,0,0, 1/3,1/3,0,1/3,0,0,0,0, 1/3,1/3,1/3,0,0,0,0,0), nrow = nEps*(nArms-1), byrow = T) | T92: Partly-Parametric | U92: c(1/2,1) | V92: asOF | W92: TRUE | X92: TRUE | Y92: 1 | Z92: 1 | AA92: pvalue | AB92: threshold | AC92: 0.75 | AD92: TRUE | AE92: Selection | AF92: 20000 | AG92: 500 | AH92: Random | AI92: FALSE | AJ92: FALSE | AK92: TRUE | AL92: TRUE
A93: 92 | B93: S3, Normal, CC, CPV, N=800 | C93: CombPValue | D93: 800 | E93: 0.025 | F93: NA | G93: NA | H93: UnPooled | I93: CombinationTest | J93: 5 | K93: 2 | L93: list(EP1 = "Binary", EP2 = "Binary") | M93: NA | N93: NA | O93: list(EP1 = c(0.1, 0.1, 0.22, 0.22, 0.22), EP2 = c(0.1, 0.1, 0.22, 0.22, 0.22)) | P93: c(1,1,1,1,1) | Q93: matrix(c(1,0.5,0.5,1),nrow = 2) | R93: c(0.25,0.25,0.25,0.25, 0, 0, 0, 0) | S93: matrix(c(0,1/12,1/12,1/12,3/4,0,0,0, 1/12,0,1/12,1/12,0,3/4,0,0, 1/12,1/12,0,1/12,0,0,3/4,0, 1/12,1/12,1/12,0,0,0,0,3/4, 0,1/3,1/3,1/3,0,0,0,0, 1/3,0,1/3,1/3,0,0,0,0, 1/3,1/3,0,1/3,0,0,0,0, 1/3,1/3,1/3,0,0,0,0,0), nrow = nEps*(nArms-1), byrow = T) | T93: Partly-Parametric | U93: c(1/2,1) | V93: asOF | W93: TRUE | X93: TRUE | Y93: 1 | Z93: 1 | AA93: pvalue | AB93: threshold | AC93: 0.5 | AD93: TRUE | AE93: Selection | AF93: 20000 | AG93: 500 | AH93: Random | AI93: FALSE | AJ93: FALSE | AK93: TRUE | AL93: TRUE
A94: 93 | B94: S3, Normal, CC, CER, N=800 | C94: CER | D94: 800 | E94: 0.025 | F94: NA | G94: NA | H94: UnPooled | I94: CombinationTest | J94: 5 | K94: 2 | L94: list(EP1 = "Binary", EP2 = "Binary") | M94: NA | N94: NA | O94: list(EP1 = c(0.1, 0.1, 0.22, 0.22, 0.22), EP2 = c(0.1, 0.1, 0.22, 0.22, 0.22)) | P94: c(1,1,1,1,1) | Q94: matrix(c(1,0.5,0.5,1),nrow = 2) | R94: c(0.25,0.25,0.25,0.25, 0, 0, 0, 0) | S94: matrix(c(0,1/12,1/12,1/12,3/4,0,0,0, 1/12,0,1/12,1/12,0,3/4,0,0, 1/12,1/12,0,1/12,0,0,3/4,0, 1/12,1/12,1/12,0,0,0,0,3/4, 0,1/3,1/3,1/3,0,0,0,0, 1/3,0,1/3,1/3,0,0,0,0, 1/3,1/3,0,1/3,0,0,0,0, 1/3,1/3,1/3,0,0,0,0,0), nrow = nEps*(nArms-1), byrow = T) | T94: Partly-Parametric | U94: c(1/2,1) | V94: asOF | W94: TRUE | X94: TRUE | Y94: 1 | Z94: 1 | AA94: pvalue | AB94: threshold | AC94: 0.5 | AD94: TRUE | AE94: Selection | AF94: 20000 | AG94: 500 | AH94: Random | AI94: FALSE | AJ94: FALSE | AK94: TRUE | AL94: TRUE
A95: 94 | B95: S3, Aggressive, CC, CPV, N=800 | C95: CombPValue | D95: 800 | E95: 0.025 | F95: NA | G95: NA | H95: UnPooled | I95: CombinationTest | J95: 5 | K95: 2 | L95: list(EP1 = "Binary", EP2 = "Binary") | M95: NA | N95: NA | O95: list(EP1 = c(0.1, 0.1, 0.22, 0.22, 0.22), EP2 = c(0.1, 0.1, 0.22, 0.22, 0.22)) | P95: c(1,1,1,1,1) | Q95: matrix(c(1,0.5,0.5,1),nrow = 2) | R95: c(0.25,0.25,0.25,0.25, 0, 0, 0, 0) | S95: matrix(c(0,1/12,1/12,1/12,3/4,0,0,0, 1/12,0,1/12,1/12,0,3/4,0,0, 1/12,1/12,0,1/12,0,0,3/4,0, 1/12,1/12,1/12,0,0,0,0,3/4, 0,1/3,1/3,1/3,0,0,0,0, 1/3,0,1/3,1/3,0,0,0,0, 1/3,1/3,0,1/3,0,0,0,0, 1/3,1/3,1/3,0,0,0,0,0), nrow = nEps*(nArms-1), byrow = T) | T95: Partly-Parametric | U95: c(1/2,1) | V95: asOF | W95: TRUE | X95: TRUE | Y95: 1 | Z95: 1 | AA95: pvalue | AB95: threshold | AC95: 0.25 | AD95: TRUE | AE95: Selection | AF95: 20000 | AG95: 500 | AH95: Random | AI95: FALSE | AJ95: FALSE | AK95: TRUE | AL95: TRUE
A96: 95 | B96: S3, Aggressive, CC, CER, N=800 | C96: CER | D96: 800 | E96: 0.025 | F96: NA | G96: NA | H96: UnPooled | I96: CombinationTest | J96: 5 | K96: 2 | L96: list(EP1 = "Binary", EP2 = "Binary") | M96: NA | N96: NA | O96: list(EP1 = c(0.1, 0.1, 0.22, 0.22, 0.22), EP2 = c(0.1, 0.1, 0.22, 0.22, 0.22)) | P96: c(1,1,1,1,1) | Q96: matrix(c(1,0.5,0.5,1),nrow = 2) | R96: c(0.25,0.25,0.25,0.25, 0, 0, 0, 0) | S96: matrix(c(0,1/12,1/12,1/12,3/4,0,0,0, 1/12,0,1/12,1/12,0,3/4,0,0, 1/12,1/12,0,1/12,0,0,3/4,0, 1/12,1/12,1/12,0,0,0,0,3/4, 0,1/3,1/3,1/3,0,0,0,0, 1/3,0,1/3,1/3,0,0,0,0, 1/3,1/3,0,1/3,0,0,0,0, 1/3,1/3,1/3,0,0,0,0,0), nrow = nEps*(nArms-1), byrow = T) | T96: Partly-Parametric | U96: c(1/2,1) | V96: asOF | W96: TRUE | X96: TRUE | Y96: 1 | Z96: 1 | AA96: pvalue | AB96: threshold | AC96: 0.25 | AD96: TRUE | AE96: Selection | AF96: 20000 | AG96: 500 | AH96: Random | AI96: FALSE | AJ96: FALSE | AK96: TRUE | AL96: TRUE
A97: 96 | B97: S3, Ultra Aggressive, CC, CPV, N=800 | C97: CombPValue | D97: 800 | E97: 0.025 | F97: NA | G97: NA | H97: UnPooled | I97: CombinationTest | J97: 5 | K97: 2 | L97: list(EP1 = "Binary", EP2 = "Binary") | M97: NA | N97: NA | O97: list(EP1 = c(0.1, 0.1, 0.22, 0.22, 0.22), EP2 = c(0.1, 0.1, 0.22, 0.22, 0.22)) | P97: c(1,1,1,1,1) | Q97: matrix(c(1,0.5,0.5,1),nrow = 2) | R97: c(0.25,0.25,0.25,0.25, 0, 0, 0, 0) | S97: matrix(c(0,1/12,1/12,1/12,3/4,0,0,0, 1/12,0,1/12,1/12,0,3/4,0,0, 1/12,1/12,0,1/12,0,0,3/4,0, 1/12,1/12,1/12,0,0,0,0,3/4, 0,1/3,1/3,1/3,0,0,0,0, 1/3,0,1/3,1/3,0,0,0,0, 1/3,1/3,0,1/3,0,0,0,0, 1/3,1/3,1/3,0,0,0,0,0), nrow = nEps*(nArms-1), byrow = T) | T97: Partly-Parametric | U97: c(1/2,1) | V97: asOF | W97: TRUE | X97: TRUE | Y97: 1 | Z97: 1 | AA97: pvalue | AB97: best | AC97: 1 | AD97: TRUE | AE97: Selection | AF97: 20000 | AG97: 500 | AH97: Random | AI97: FALSE | AJ97: FALSE | AK97: TRUE | AL97: TRUE
A98: 97 | B98: S3, Ultra Aggressive, CC, CER, N=800 | C98: CER | D98: 800 | E98: 0.025 | F98: NA | G98: NA | H98: UnPooled | I98: CombinationTest | J98: 5 | K98: 2 | L98: list(EP1 = "Binary", EP2 = "Binary") | M98: NA | N98: NA | O98: list(EP1 = c(0.1, 0.1, 0.22, 0.22, 0.22), EP2 = c(0.1, 0.1, 0.22, 0.22, 0.22)) | P98: c(1,1,1,1,1) | Q98: matrix(c(1,0.5,0.5,1),nrow = 2) | R98: c(0.25,0.25,0.25,0.25, 0, 0, 0, 0) | S98: matrix(c(0,1/12,1/12,1/12,3/4,0,0,0, 1/12,0,1/12,1/12,0,3/4,0,0, 1/12,1/12,0,1/12,0,0,3/4,0, 1/12,1/12,1/12,0,0,0,0,3/4, 0,1/3,1/3,1/3,0,0,0,0, 1/3,0,1/3,1/3,0,0,0,0, 1/3,1/3,0,1/3,0,0,0,0, 1/3,1/3,1/3,0,0,0,0,0), nrow = nEps*(nArms-1), byrow = T) | T98: Partly-Parametric | U98: c(1/2,1) | V98: asOF | W98: TRUE | X98: TRUE | Y98: 1 | Z98: 1 | AA98: pvalue | AB98: best | AC98: 1 | AD98: TRUE | AE98: Selection | AF98: 20000 | AG98: 500 | AH98: Random | AI98: FALSE | AJ98: FALSE | AK98: TRUE | AL98: TRUE
A99: 98 | B99: S4, No Select, CC, CPV, N=800 | C99: CombPValue | D99: 800 | E99: 0.025 | F99: NA | G99: NA | H99: UnPooled | I99: CombinationTest | J99: 5 | K99: 2 | L99: list(EP1 = "Binary", EP2 = "Binary") | M99: NA | N99: NA | O99: list(EP1 = c(0.1, 0.22, 0.22, 0.22, 0.22), EP2 = c(0.1, 0.22, 0.22, 0.22, 0.22)) | P99: c(1,1,1,1,1) | Q99: matrix(c(1, 0.5, 0.5, 1), byrow = T, nrow = 2) | R99: c(0.25,0.25,0.25,0.25, 0, 0, 0, 0) | S99: matrix(c(0,1/12,1/12,1/12,3/4,0,0,0, 1/12,0,1/12,1/12,0,3/4,0,0, 1/12,1/12,0,1/12,0,0,3/4,0, 1/12,1/12,1/12,0,0,0,0,3/4, 0,1/3,1/3,1/3,0,0,0,0, 1/3,0,1/3,1/3,0,0,0,0, 1/3,1/3,0,1/3,0,0,0,0, 1/3,1/3,1/3,0,0,0,0,0), nrow = nEps*(nArms-1), byrow = T) | T99: Partly-Parametric | U99: c(0.5, 1) | V99: asOF | W99: TRUE | X99: FALSE | Y99: NA | Z99: NA | AA99: NA | AB99: NA | AC99: NA | AD99: NA | AE99: None | AF99: 20000 | AG99: 500 | AH99: Random | AI99: FALSE | AJ99: FALSE | AK99: TRUE | AL99: TRUE
A100: 99 | B100: S4, No Select, CC, CER, N=800 | C100: CER | D100: 800 | E100: 0.025 | F100: NA | G100: NA | H100: UnPooled | I100: CombinationTest | J100: 5 | K100: 2 | L100: list(EP1 = "Binary", EP2 = "Binary") | M100: NA | N100: NA | O100: list(EP1 = c(0.1, 0.22, 0.22, 0.22, 0.22), EP2 = c(0.1, 0.22, 0.22, 0.22, 0.22)) | P100: c(1,1,1,1,1) | Q100: matrix(c(1, 0.5, 0.5, 1), byrow = T, nrow = 2) | R100: c(0.25,0.25,0.25,0.25, 0, 0, 0, 0) | S100: matrix(c(0,1/12,1/12,1/12,3/4,0,0,0, 1/12,0,1/12,1/12,0,3/4,0,0, 1/12,1/12,0,1/12,0,0,3/4,0, 1/12,1/12,1/12,0,0,0,0,3/4, 0,1/3,1/3,1/3,0,0,0,0, 1/3,0,1/3,1/3,0,0,0,0, 1/3,1/3,0,1/3,0,0,0,0, 1/3,1/3,1/3,0,0,0,0,0), nrow = nEps*(nArms-1), byrow = T) | T100: Partly-Parametric | U100: c(0.5, 1) | V100: asOF | W100: TRUE | X100: FALSE | Y100: NA | Z100: NA | AA100: NA | AB100: NA | AC100: NA | AD100: NA | AE100: None | AF100: 20000 | AG100: 500 | AH100: Random | AI100: FALSE | AJ100: FALSE | AK100: TRUE | AL100: TRUE
...

Sheet OutCERBin2eps3arms
F1: x | P1: x | Q1: x | BC1: Added cols >>>
A2: ModelID | B2: Scenario | C2: seed | D2: Global.Power | E2: Conjunctive.Power | F2: Disjunctive.Power | G2: FWER | H2: CI_95perc_Global.Power | I2: CI_95perc_Conjunctive.Power | J2: CI_95perc_Disjunctive.Power | K2: CI_95perc_FWER | L2: StagewiseRejection_Count | M2: StagewiseRejection_Percentage | N2: HoursTaken | O2: Input | P2: Method | Q2: SampleSize | R2: alpha | S2: TestStatCont | T2: CommonStdDev | U2: TestStatBin | V2: FWERControl | W2: nArms | X2: nEps | Y2: lEpType | Z2: Arms.Mean | AA2: Arms.std.dev | AB2: Arms.Prop | AC2: Arms.alloc.ratio | AD2: EP.Corr | AE2: WI | AF2: G | AG2: test.type | AH2: info_frac | AI2: typeOfDesign | AJ2: MultipleWinners | AK2: Selection | AL2: SelectionLook | AM2: SelectEndPoint | AN2: SelectionScale | AO2: SelectionCriterion | AP2: SelectionParmeter | AQ2: KeepAssosiatedEps | AR2: ImplicitSSR | AS2: nSimulation | AT2: nSimulation_Stage2 | AU2: Seed2 | AV2: SummaryStat | AW2: plotGraphs | AX2: Parallel | AY2: UseCC | AZ2: Matching.Pair | BA2: Test.Suite | BB2: Compare.Set | BC2: Treat.Sel.Rule | BD2: Alt.Scen | BE2: Glob.Pow% | BF2: Conj.Pow% | BG2: Disj.Pow% | BH2: FWER% | BI2: LCL_Glob.Pow% | BJ2: UCL_Glob.Pow% | BK2: LCL_Conj.Pow% | BL2: UCL_Conj.Pow% | BM2: LCL_Disj.Pow% | BN2: UCL_Disj.Pow% | BO2: LCL_FWER% | BP2: UCL_FWER% | BQ2: DP.CI | BR2: CP.CI | BS2: FW.CI
A3: 1 | B3: No drop, Partly-Parametric | C3: 1234 | D3: 0.02587615 | E3: 0 | F3: 0 | G3: 0.02587615 | H3: (0.02496,0.02679) | I3: (0,0) | J3: (0,0) | K3: (0.02496,0.02679) | L3: 38478 | M3: 0.0019,0.0239 | N3: 2.3855488 | O3: >>> | P3: CER | Q3: 600 | R3: 0.025 | S3: NA | T3: NA | U3: UnPooled | V3: CombinationTest | W3: 3 | X3: 2 | Y3: list('EP1' = 'Binary', 'EP2' = 'Binary') | Z3: NA | AA3: NA | AB3: list('EP1' = c(0.4, 0.4, 0.4), 'EP2' = c(0.5, 0.5, 0.5)) | AC3: c(1,1,1) | AD3: matrix(c(1, 0.5, 0.5, 1), nrow = nEps) # c(1) | AE3: c(rep(1/4, 4)) | AF3: rbind(H1=c(0, 1/3, 1/3, 1/3), H2=c(1/3, 0, 1/3, 1/3), H3=c(1/3, 1/3, 0, 1/3), H4=c(1/3, 1/3, 1/3, 0)) | AG3: Partly-Parametric | AH3: c(0.5, 1) | AI3: asOF | AJ3: FALSE | AK3: FALSE | AL3: NA | AM3: NA | AN3: NA | AO3: NA | AP3: NA | AQ3: NA | AR3: None | AS3: 20000 | AT3: 2000 | AU3: 1234 | AV3: TRUE | AW3: FALSE | AX3: TRUE | AY3: TRUE | AZ3: NA | BA3: =INDEX(Inp_CER_Bin_2eps3arms!$AN$2:$AN$176,MATCH(Table1[[#This Row],[ModelID]],Inp_CER_Bin_2eps3arms!$A$2:$A$176,0)) -> 0 | BB3: NA | BC3: No drop | BD3: S0 | BE3: =Table1[[#This Row],[Global.Power]] -> 0.02587615 | BF3: =Table1[[#This Row],[Conjunctive.Power]] -> 0 | BG3: =Table1[[#This Row],[Disjunctive.Power]] -> 0 | BH3: =Table1[[#This Row],[FWER]] -> 0.02587615 | BI3: =_xlfn.NUMBERVALUE(MID(Table1[[#This Row],[CI_95perc_Global.Power]],2,FIND(",",Table1[[#This Row],[CI_95perc_Global.Power]])-2)) -> 0.02496 | BJ3: =_xlfn.NUMBERVALUE(MID(Table1[[#This Row],[CI_95perc_Global.Power]],FIND(",",Table1[[#This Row],[CI_95perc_Global.Power]])+1,LEN(Table1[[#This Row],[CI_95perc_Global.Power]])-FIND(",",Table1[[#This Row],[CI_95perc_Global.Power]])-1)) -> 0.02679 | BK3: =_xlfn.NUMBERVALUE(MID(Table1[[#This Row],[CI_95perc_Conjunctive.Power]],2,FIND(",",Table1[[#This Row],[CI_95perc_Conjunctive.Power]])-2)) -> 0 | BL3: =_xlfn.NUMBERVALUE(MID(Table1[[#This Row],[CI_95perc_Conjunctive.Power]],FIND(",",Table1[[#This Row],[CI_95perc_Conjunctive.Power]])+1,LEN(Table1[[#This Row],[CI_95perc_Conjunctive.Power]])-FIND(",",Table1[[#This Row],[CI_95perc_Conjunctive.Power]])-1)) -> 0 | BM3: =_xlfn.NUMBERVALUE(MID(Table1[[#This Row],[CI_95perc_Disjunctive.Power]],2,FIND(",",Table1[[#This Row],[CI_95perc_Disjunctive.Power]])-2)) -> 0 | BN3: =_xlfn.NUMBERVALUE(MID(Table1[[#This Row],[CI_95perc_Disjunctive.Power]],FIND(",",Table1[[#This Row],[CI_95perc_Disjunctive.Power]])+1,LEN(Table1[[#This Row],[CI_95perc_Disjunctive.Power]])-FIND(",",Table1[[#This Row],[CI_95perc_Disjunctive.Power]])-1)) -> 0 | BO3: =_xlfn.NUMBERVALUE(MID(Table1[[#This Row],[CI_95perc_FWER]],2,FIND(",",Table1[[#This Row],[CI_95perc_FWER]])-2)) -> 0.02496 | BP3: =_xlfn.NUMBERVALUE(MID(Table1[[#This Row],[CI_95perc_FWER]],FIND(",",Table1[[#This Row],[CI_95perc_FWER]])+1,LEN(Table1[[#This Row],[CI_95perc_FWER]])-FIND(",",Table1[[#This Row],[CI_95perc_FWER]])-1)) -> 0.02679 | BQ3: =_xlfn.CONCAT("(",TEXT(Table1[[#This Row],[LCL_Disj.Pow%]],"0.00%"), ", ",TEXT(Table1[[#This Row],[UCL_Disj.Pow%]],"0.00%"),")") -> (0.00%, 0.00%) | BR3: =_xlfn.CONCAT("(",TEXT(Table1[[#This Row],[LCL_Conj.Pow%]],"0.00%"),", ",TEXT(Table1[[#This Row],[UCL_Conj.Pow%]],"0.00%"),")") -> (0.00%, 0.00%) | BS3: =_xlfn.CONCAT("(",TEXT(Table1[[#This Row],[LCL_FWER%]],"0.00%"),", ",TEXT(Table1[[#This Row],[UCL_FWER%]],"0.00%"),")") -> (2.50%, 2.68%)
A4: 2 | B4: No drop, Partly-Parametric | C4: 1234 | D4: 0.0246273 | E4: 0 | F4: 0 | G4: 0.0246273 | H4: (0.02372,0.02554) | I4: (0,0) | J4: (0,0) | K4: (0.02372,0.02554) | L4: 41417 | M4: 0.00205,0.02085 | N4: 2.6200346 | O4: >>> | P4: CER | Q4: 1500 | R4: 0.025 | S4: NA | T4: NA | U4: UnPooled | V4: CombinationTest | W4: 3 | X4: 2 | Y4: list('EP1' = 'Binary', 'EP2' = 'Binary') | Z4: NA | AA4: NA | AB4: list('EP1' = c(0.4, 0.4, 0.4), 'EP2' = c(0.5, 0.5, 0.5)) | AC4: c(1,1,1) | AD4: matrix(c(1, 0.5, 0.5, 1), nrow = nEps) # c(1) | AE4: c(rep(1/4, 4)) | AF4: rbind(H1=c(0, 1/3, 1/3, 1/3), H2=c(1/3, 0, 1/3, 1/3), H3=c(1/3, 1/3, 0, 1/3), H4=c(1/3, 1/3, 1/3, 0)) | AG4: Partly-Parametric | AH4: c(0.5, 1) | AI4: asOF | AJ4: FALSE | AK4: FALSE | AL4: NA | AM4: NA | AN4: NA | AO4: NA | AP4: NA | AQ4: NA | AR4: None | AS4: 20000 | AT4: 2000 | AU4: 1234 | AV4: TRUE | AW4: FALSE | AX4: TRUE | AY4: TRUE | AZ4: NA | BA4: =INDEX(Inp_CER_Bin_2eps3arms!$AN$2:$AN$176,MATCH(Table1[[#This Row],[ModelID]],Inp_CER_Bin_2eps3arms!$A$2:$A$176,0)) -> 0 | BB4: NA | BC4: No drop | BD4: S0 | BE4: =Table1[[#This Row],[Global.Power]] -> 0.0246273 | BF4: =Table1[[#This Row],[Conjunctive.Power]] -> 0 | BG4: =Table1[[#This Row],[Disjunctive.Power]] -> 0 | BH4: =Table1[[#This Row],[FWER]] -> 0.0246273 | BI4: =_xlfn.NUMBERVALUE(MID(Table1[[#This Row],[CI_95perc_Global.Power]],2,FIND(",",Table1[[#This Row],[CI_95perc_Global.Power]])-2)) -> 0.02372 | BJ4: =_xlfn.NUMBERVALUE(MID(Table1[[#This Row],[CI_95perc_Global.Power]],FIND(",",Table1[[#This Row],[CI_95perc_Global.Power]])+1,LEN(Table1[[#This Row],[CI_95perc_Global.Power]])-FIND(",",Table1[[#This Row],[CI_95perc_Global.Power]])-1)) -> 0.02554 | BK4: =_xlfn.NUMBERVALUE(MID(Table1[[#This Row],[CI_95perc_Conjunctive.Power]],2,FIND(",",Table1[[#This Row],[CI_95perc_Conjunctive.Power]])-2)) -> 0 | BL4: =_xlfn.NUMBERVALUE(MID(Table1[[#This Row],[CI_95perc_Conjunctive.Power]],FIND(",",Table1[[#This Row],[CI_95perc_Conjunctive.Power]])+1,LEN(Table1[[#This Row],[CI_95perc_Conjunctive.Power]])-FIND(",",Table1[[#This Row],[CI_95perc_Conjunctive.Power]])-1)) -> 0 | BM4: =_xlfn.NUMBERVALUE(MID(Table1[[#This Row],[CI_95perc_Disjunctive.Power]],2,FIND(",",Table1[[#This Row],[CI_95perc_Disjunctive.Power]])-2)) -> 0 | BN4: =_xlfn.NUMBERVALUE(MID(Table1[[#This Row],[CI_95perc_Disjunctive.Power]],FIND(",",Table1[[#This Row],[CI_95perc_Disjunctive.Power]])+1,LEN(Table1[[#This Row],[CI_95perc_Disjunctive.Power]])-FIND(",",Table1[[#This Row],[CI_95perc_Disjunctive.Power]])-1)) -> 0 | BO4: =_xlfn.NUMBERVALUE(MID(Table1[[#This Row],[CI_95perc_FWER]],2,FIND(",",Table1[[#This Row],[CI_95perc_FWER]])-2)) -> 0.02372 | BP4: =_xlfn.NUMBERVALUE(MID(Table1[[#This Row],[CI_95perc_FWER]],FIND(",",Table1[[#This Row],[CI_95perc_FWER]])+1,LEN(Table1[[#This Row],[CI_95perc_FWER]])-FIND(",",Table1[[#This Row],[CI_95perc_FWER]])-1)) -> 0.02554 | BQ4: =_xlfn.CONCAT("(",TEXT(Table1[[#This Row],[LCL_Disj.Pow%]],"0.00%"), ", ",TEXT(Table1[[#This Row],[UCL_Disj.Pow%]],"0.00%"),")") -> (0.00%, 0.00%) | BR4: =_xlfn.CONCAT("(",TEXT(Table1[[#This Row],[LCL_Conj.Pow%]],"0.00%"),", ",TEXT(Table1[[#This Row],[UCL_Conj.Pow%]],"0.00%"),")") -> (0.00%, 0.00%) | BS4: =_xlfn.CONCAT("(",TEXT(Table1[[#This Row],[LCL_FWER%]],"0.00%"),", ",TEXT(Table1[[#This Row],[UCL_FWER%]],"0.00%"),")") -> (2.37%, 2.55%)
A5: 3 | B5: No drop, Partly-Parametric | C5: 1234 | D5: 0.024870175 | E5: 0 | F5: 0 | G5: 0.024870175 | H5: (0.02396,0.02578) | I5: (0,0) | J5: (0,0) | K5: (0.02396,0.02578) | L5: 40466 | M5: 0.002,0.0233 | N5: 2.9317936 | O5: >>> | P5: CER | Q5: 3000 | R5: 0.025 | S5: NA | T5: NA | U5: UnPooled | V5: CombinationTest | W5: 3 | X5: 2 | Y5: list('EP1' = 'Binary', 'EP2' = 'Binary') | Z5: NA | AA5: NA | AB5: list('EP1' = c(0.4, 0.4, 0.4), 'EP2' = c(0.5, 0.5, 0.5)) | AC5: c(1,1,1) | AD5: matrix(c(1, 0.5, 0.5, 1), nrow = nEps) # c(1) | AE5: c(rep(1/4, 4)) | AF5: rbind(H1=c(0, 1/3, 1/3, 1/3), H2=c(1/3, 0, 1/3, 1/3), H3=c(1/3, 1/3, 0, 1/3), H4=c(1/3, 1/3, 1/3, 0)) | AG5: Partly-Parametric | AH5: c(0.5, 1) | AI5: asOF | AJ5: FALSE | AK5: FALSE | AL5: NA | AM5: NA | AN5: NA | AO5: NA | AP5: NA | AQ5: NA | AR5: None | AS5: 20000 | AT5: 2000 | AU5: 1234 | AV5: TRUE | AW5: FALSE | AX5: TRUE | AY5: TRUE | AZ5: NA | BA5: =INDEX(Inp_CER_Bin_2eps3arms!$AN$2:$AN$176,MATCH(Table1[[#This Row],[ModelID]],Inp_CER_Bin_2eps3arms!$A$2:$A$176,0)) -> 0 | BB5: NA | BC5: No drop | BD5: S0 | BE5: =Table1[[#This Row],[Global.Power]] -> 0.024870175 | BF5: =Table1[[#This Row],[Conjunctive.Power]] -> 0 | BG5: =Table1[[#This Row],[Disjunctive.Power]] -> 0 | BH5: =Table1[[#This Row],[FWER]] -> 0.024870175 | BI5: =_xlfn.NUMBERVALUE(MID(Table1[[#This Row],[CI_95perc_Global.Power]],2,FIND(",",Table1[[#This Row],[CI_95perc_Global.Power]])-2)) -> 0.02396 | BJ5: =_xlfn.NUMBERVALUE(MID(Table1[[#This Row],[CI_95perc_Global.Power]],FIND(",",Table1[[#This Row],[CI_95perc_Global.Power]])+1,LEN(Table1[[#This Row],[CI_95perc_Global.Power]])-FIND(",",Table1[[#This Row],[CI_95perc_Global.Power]])-1)) -> 0.02578 | BK5: =_xlfn.NUMBERVALUE(MID(Table1[[#This Row],[CI_95perc_Conjunctive.Power]],2,FIND(",",Table1[[#This Row],[CI_95perc_Conjunctive.Power]])-2)) -> 0 | BL5: =_xlfn.NUMBERVALUE(MID(Table1[[#This Row],[CI_95perc_Conjunctive.Power]],FIND(",",Table1[[#This Row],[CI_95perc_Conjunctive.Power]])+1,LEN(Table1[[#This Row],[CI_95perc_Conjunctive.Power]])-FIND(",",Table1[[#This Row],[CI_95perc_Conjunctive.Power]])-1)) -> 0 | BM5: =_xlfn.NUMBERVALUE(MID(Table1[[#This Row],[CI_95perc_Disjunctive.Power]],2,FIND(",",Table1[[#This Row],[CI_95perc_Disjunctive.Power]])-2)) -> 0 | BN5: =_xlfn.NUMBERVALUE(MID(Table1[[#This Row],[CI_95perc_Disjunctive.Power]],FIND(",",Table1[[#This Row],[CI_95perc_Disjunctive.Power]])+1,LEN(Table1[[#This Row],[CI_95perc_Disjunctive.Power]])-FIND(",",Table1[[#This Row],[CI_95perc_Disjunctive.Power]])-1)) -> 0 | BO5: =_xlfn.NUMBERVALUE(MID(Table1[[#This Row],[CI_95perc_FWER]],2,FIND(",",Table1[[#This Row],[CI_95perc_FWER]])-2)) -> 0.02396 | BP5: =_xlfn.NUMBERVALUE(MID(Table1[[#This Row],[CI_95perc_FWER]],FIND(",",Table1[[#This Row],[CI_95perc_FWER]])+1,LEN(Table1[[#This Row],[CI_95perc_FWER]])-FIND(",",Table1[[#This Row],[CI_95perc_FWER]])-1)) -> 0.02578 | BQ5: =_xlfn.CONCAT("(",TEXT(Table1[[#This Row],[LCL_Disj.Pow%]],"0.00%"), ", ",TEXT(Table1[[#This Row],[UCL_Disj.Pow%]],"0.00%"),")") -> (0.00%, 0.00%) | BR5: =_xlfn.CONCAT("(",TEXT(Table1[[#This Row],[LCL_Conj.Pow%]],"0.00%"),", ",TEXT(Table1[[#This Row],[UCL_Conj.Pow%]],"0.00%"),")") -> (0.00%, 0.00%) | BS5: =_xlfn.CONCAT("(",TEXT(Table1[[#This Row],[LCL_FWER%]],"0.00%"),", ",TEXT(Table1[[#This Row],[UCL_FWER%]],"0.00%"),")") -> (2.40%, 2.58%)
A6: 4 | B6: No drop, Partly-Parametric | C6: 1234 | D6: 0.02444845 | E6: 0 | F6: 0 | G6: 0.02444845 | H6: (0.02359,0.02531) | I6: (0,0) | J6: (0,0) | K6: (0.02359,0.02531) | L6: 31486 | M6: 0.00155,0.0243 | N6: 3.3871573 | O6: >>> | P6: CER | Q6: 5000 | R6: 0.025 | S6: NA | T6: NA | U6: UnPooled | V6: CombinationTest | W6: 3 | X6: 2 | Y6: list('EP1' = 'Binary', 'EP2' = 'Binary') | Z6: NA | AA6: NA | AB6: list('EP1' = c(0.4, 0.4, 0.4), 'EP2' = c(0.5, 0.5, 0.5)) | AC6: c(1,1,1) | AD6: matrix(c(1, 0.5, 0.5, 1), nrow = nEps) # c(1) | AE6: c(rep(1/4, 4)) | AF6: rbind(H1=c(0, 1/3, 1/3, 1/3), H2=c(1/3, 0, 1/3, 1/3), H3=c(1/3, 1/3, 0, 1/3), H4=c(1/3, 1/3, 1/3, 0)) | AG6: Partly-Parametric | AH6: c(0.5, 1) | AI6: asOF | AJ6: FALSE | AK6: FALSE | AL6: NA | AM6: NA | AN6: NA | AO6: NA | AP6: NA | AQ6: NA | AR6: None | AS6: 20000 | AT6: 2000 | AU6: 1234 | AV6: TRUE | AW6: FALSE | AX6: TRUE | AY6: TRUE | AZ6: NA | BA6: =INDEX(Inp_CER_Bin_2eps3arms!$AN$2:$AN$176,MATCH(Table1[[#This Row],[ModelID]],Inp_CER_Bin_2eps3arms!$A$2:$A$176,0)) -> 0 | BB6: NA | BC6: No drop | BD6: S0 | BE6: =Table1[[#This Row],[Global.Power]] -> 0.02444845 | BF6: =Table1[[#This Row],[Conjunctive.Power]] -> 0 | BG6: =Table1[[#This Row],[Disjunctive.Power]] -> 0 | BH6: =Table1[[#This Row],[FWER]] -> 0.02444845 | BI6: =_xlfn.NUMBERVALUE(MID(Table1[[#This Row],[CI_95perc_Global.Power]],2,FIND(",",Table1[[#This Row],[CI_95perc_Global.Power]])-2)) -> 0.02359 | BJ6: =_xlfn.NUMBERVALUE(MID(Table1[[#This Row],[CI_95perc_Global.Power]],FIND(",",Table1[[#This Row],[CI_95perc_Global.Power]])+1,LEN(Table1[[#This Row],[CI_95perc_Global.Power]])-FIND(",",Table1[[#This Row],[CI_95perc_Global.Power]])-1)) -> 0.02531 | BK6: =_xlfn.NUMBERVALUE(MID(Table1[[#This Row],[CI_95perc_Conjunctive.Power]],2,FIND(",",Table1[[#This Row],[CI_95perc_Conjunctive.Power]])-2)) -> 0 | BL6: =_xlfn.NUMBERVALUE(MID(Table1[[#This Row],[CI_95perc_Conjunctive.Power]],FIND(",",Table1[[#This Row],[CI_95perc_Conjunctive.Power]])+1,LEN(Table1[[#This Row],[CI_95perc_Conjunctive.Power]])-FIND(",",Table1[[#This Row],[CI_95perc_Conjunctive.Power]])-1)) -> 0 | BM6: =_xlfn.NUMBERVALUE(MID(Table1[[#This Row],[CI_95perc_Disjunctive.Power]],2,FIND(",",Table1[[#This Row],[CI_95perc_Disjunctive.Power]])-2)) -> 0 | BN6: =_xlfn.NUMBERVALUE(MID(Table1[[#This Row],[CI_95perc_Disjunctive.Power]],FIND(",",Table1[[#This Row],[CI_95perc_Disjunctive.Power]])+1,LEN(Table1[[#This Row],[CI_95perc_Disjunctive.Power]])-FIND(",",Table1[[#This Row],[CI_95perc_Disjunctive.Power]])-1)) -> 0 | BO6: =_xlfn.NUMBERVALUE(MID(Table1[[#This Row],[CI_95perc_FWER]],2,FIND(",",Table1[[#This Row],[CI_95perc_FWER]])-2)) -> 0.02359 | BP6: =_xlfn.NUMBERVALUE(MID(Table1[[#This Row],[CI_95perc_FWER]],FIND(",",Table1[[#This Row],[CI_95perc_FWER]])+1,LEN(Table1[[#This Row],[CI_95perc_FWER]])-FIND(",",Table1[[#This Row],[CI_95perc_FWER]])-1)) -> 0.02531 | BQ6: =_xlfn.CONCAT("(",TEXT(Table1[[#This Row],[LCL_Disj.Pow%]],"0.00%"), ", ",TEXT(Table1[[#This Row],[UCL_Disj.Pow%]],"0.00%"),")") -> (0.00%, 0.00%) | BR6: =_xlfn.CONCAT("(",TEXT(Table1[[#This Row],[LCL_Conj.Pow%]],"0.00%"),", ",TEXT(Table1[[#This Row],[UCL_Conj.Pow%]],"0.00%"),")") -> (0.00%, 0.00%) | BS6: =_xlfn.CONCAT("(",TEXT(Table1[[#This Row],[LCL_FWER%]],"0.00%"),", ",TEXT(Table1[[#This Row],[UCL_FWER%]],"0.00%"),")") -> (2.36%, 2.53%)
A7: 5 | B7: Fut=0.25,N=600,MultWin=F | C7: 745664 | D7: 0.0190639 | E7: 0 | F7: 0 | G7: 0.0190639 | H7: (0.01822,0.01991) | I7: (0,0) | J7: (0,0) | K7: (0.01822,0.01991) | L7: 32317 | M7: 0.0016,0.01585 | N7: 0.84097805 | O7: >>> | P7: CER | Q7: 600 | R7: 0.025 | S7: NA | T7: NA | U7: UnPooled | V7: CombinationTest | W7: 3 | X7: 2 | Y7: list('EP1' = 'Binary', 'EP2' = 'Binary') | Z7: NA | AA7: NA | AB7: list('EP1' = c(0.4, 0.4, 0.4), 'EP2' = c(0.5, 0.5, 0.5)) | AC7: c(1,1,1) | AD7: matrix(c(1, 0.5, 0.5, 1), nrow = nEps) # c(1) | AE7: c(rep(1/4, 4)) | AF7: rbind(H1=c(0, 1/3, 1/3, 1/3), H2=c(1/3, 0, 1/3, 1/3), H3=c(1/3, 1/3, 0, 1/3), H4=c(1/3, 1/3, 1/3, 0)) | AG7: Partly-Parametric | AH7: c(0.5, 1) | AI7: asOF | AJ7: FALSE | AK7: TRUE | AL7: 1 | AM7: 1 | AN7: pvalue | AO7: threshold | AP7: 0.25 | AQ7: TRUE | AR7: Selection | AS7: 20000 | AT7: 2000 | AU7: 745664 | AV7: TRUE | AW7: FALSE | AX7: TRUE | AY7: TRUE | AZ7: NA | BA7: =INDEX(Inp_CER_Bin_2eps3arms!$AN$2:$AN$176,MATCH(Table1[[#This Row],[ModelID]],Inp_CER_Bin_2eps3arms!$A$2:$A$176,0)) -> 0 | BB7: NA | BC7: Aggressive | BD7: S0 | BE7: =Table1[[#This Row],[Global.Power]] -> 0.0190639 | BF7: =Table1[[#This Row],[Conjunctive.Power]] -> 0 | BG7: =Table1[[#This Row],[Disjunctive.Power]] -> 0 | BH7: =Table1[[#This Row],[FWER]] -> 0.0190639 | BI7: =_xlfn.NUMBERVALUE(MID(Table1[[#This Row],[CI_95perc_Global.Power]],2,FIND(",",Table1[[#This Row],[CI_95perc_Global.Power]])-2)) -> 0.01822 | BJ7: =_xlfn.NUMBERVALUE(MID(Table1[[#This Row],[CI_95perc_Global.Power]],FIND(",",Table1[[#This Row],[CI_95perc_Global.Power]])+1,LEN(Table1[[#This Row],[CI_95perc_Global.Power]])-FIND(",",Table1[[#This Row],[CI_95perc_Global.Power]])-1)) -> 0.01991 | BK7: =_xlfn.NUMBERVALUE(MID(Table1[[#This Row],[CI_95perc_Conjunctive.Power]],2,FIND(",",Table1[[#This Row],[CI_95perc_Conjunctive.Power]])-2)) -> 0 | BL7: =_xlfn.NUMBERVALUE(MID(Table1[[#This Row],[CI_95perc_Conjunctive.Power]],FIND(",",Table1[[#This Row],[CI_95perc_Conjunctive.Power]])+1,LEN(Table1[[#This Row],[CI_95perc_Conjunctive.Power]])-FIND(",",Table1[[#This Row],[CI_95perc_Conjunctive.Power]])-1)) -> 0 | BM7: =_xlfn.NUMBERVALUE(MID(Table1[[#This Row],[CI_95perc_Disjunctive.Power]],2,FIND(",",Table1[[#This Row],[CI_95perc_Disjunctive.Power]])-2)) -> 0 | BN7: =_xlfn.NUMBERVALUE(MID(Table1[[#This Row],[CI_95perc_Disjunctive.Power]],FIND(",",Table1[[#This Row],[CI_95perc_Disjunctive.Power]])+1,LEN(Table1[[#This Row],[CI_95perc_Disjunctive.Power]])-FIND(",",Table1[[#This Row],[CI_95perc_Disjunctive.Power]])-1)) -> 0 | BO7: =_xlfn.NUMBERVALUE(MID(Table1[[#This Row],[CI_95perc_FWER]],2,FIND(",",Table1[[#This Row],[CI_95perc_FWER]])-2)) -> 0.01822 | BP7: =_xlfn.NUMBERVALUE(MID(Table1[[#This Row],[CI_95perc_FWER]],FIND(",",Table1[[#This Row],[CI_95perc_FWER]])+1,LEN(Table1[[#This Row],[CI_95perc_FWER]])-FIND(",",Table1[[#This Row],[CI_95perc_FWER]])-1)) -> 0.01991 | BQ7: =_xlfn.CONCAT("(",TEXT(Table1[[#This Row],[LCL_Disj.Pow%]],"0.00%"), ", ",TEXT(Table1[[#This Row],[UCL_Disj.Pow%]],"0.00%"),")") -> (0.00%, 0.00%) | BR7: =_xlfn.CONCAT("(",TEXT(Table1[[#This Row],[LCL_Conj.Pow%]],"0.00%"),", ",TEXT(Table1[[#This Row],[UCL_Conj.Pow%]],"0.00%"),")") -> (0.00%, 0.00%) | BS7: =_xlfn.CONCAT("(",TEXT(Table1[[#This Row],[LCL_FWER%]],"0.00%"),", ",TEXT(Table1[[#This Row],[UCL_FWER%]],"0.00%"),")") -> (1.82%, 1.99%)
A8: 6 | B8: Fut=0.25,N=3000,MultWin=F | C8: 745664 | D8: 0.0190221 | E8: 0 | F8: 0 | G8: 0.0190221 | H8: (0.01819,0.01985) | I8: (0,0) | J8: (0,0) | K8: (0.01819,0.01985) | L8: 29305 | M8: 0.00145,0.01525 | N8: 0.95829178 | O8: >>> | P8: CER | Q8: 2000 | R8: 0.025 | S8: NA | T8: NA | U8: UnPooled | V8: CombinationTest | W8: 3 | X8: 2 | Y8: list('EP1' = 'Binary', 'EP2' = 'Binary') | Z8: NA | AA8: NA | AB8: list('EP1' = c(0.4, 0.4, 0.4), 'EP2' = c(0.5, 0.5, 0.5)) | AC8: c(1,1,1) | AD8: matrix(c(1, 0.5, 0.5, 1), nrow = nEps) # c(1) | AE8: c(rep(1/4, 4)) | AF8: rbind(H1=c(0, 1/3, 1/3, 1/3), H2=c(1/3, 0, 1/3, 1/3), H3=c(1/3, 1/3, 0, 1/3), H4=c(1/3, 1/3, 1/3, 0)) | AG8: Partly-Parametric | AH8: c(0.5, 1) | AI8: asOF | AJ8: FALSE | AK8: TRUE | AL8: 1 | AM8: 1 | AN8: pvalue | AO8: threshold | AP8: 0.25 | AQ8: TRUE | AR8: Selection | AS8: 20000 | AT8: 2000 | AU8: 745664 | AV8: TRUE | AW8: FALSE | AX8: TRUE | AY8: TRUE | AZ8: NA | BA8: =INDEX(Inp_CER_Bin_2eps3arms!$AN$2:$AN$176,MATCH(Table1[[#This Row],[ModelID]],Inp_CER_Bin_2eps3arms!$A$2:$A$176,0)) -> 0 | BB8: NA | BC8: Aggressive | BD8: S0 | BE8: =Table1[[#This Row],[Global.Power]] -> 0.0190221 | BF8: =Table1[[#This Row],[Conjunctive.Power]] -> 0 | BG8: =Table1[[#This Row],[Disjunctive.Power]] -> 0 | BH8: =Table1[[#This Row],[FWER]] -> 0.0190221 | BI8: =_xlfn.NUMBERVALUE(MID(Table1[[#This Row],[CI_95perc_Global.Power]],2,FIND(",",Table1[[#This Row],[CI_95perc_Global.Power]])-2)) -> 0.01819 | BJ8: =_xlfn.NUMBERVALUE(MID(Table1[[#This Row],[CI_95perc_Global.Power]],FIND(",",Table1[[#This Row],[CI_95perc_Global.Power]])+1,LEN(Table1[[#This Row],[CI_95perc_Global.Power]])-FIND(",",Table1[[#This Row],[CI_95perc_Global.Power]])-1)) -> 0.01985 | BK8: =_xlfn.NUMBERVALUE(MID(Table1[[#This Row],[CI_95perc_Conjunctive.Power]],2,FIND(",",Table1[[#This Row],[CI_95perc_Conjunctive.Power]])-2)) -> 0 | BL8: =_xlfn.NUMBERVALUE(MID(Table1[[#This Row],[CI_95perc_Conjunctive.Power]],FIND(",",Table1[[#This Row],[CI_95perc_Conjunctive.Power]])+1,LEN(Table1[[#This Row],[CI_95perc_Conjunctive.Power]])-FIND(",",Table1[[#This Row],[CI_95perc_Conjunctive.Power]])-1)) -> 0 | BM8: =_xlfn.NUMBERVALUE(MID(Table1[[#This Row],[CI_95perc_Disjunctive.Power]],2,FIND(",",Table1[[#This Row],[CI_95perc_Disjunctive.Power]])-2)) -> 0 | BN8: =_xlfn.NUMBERVALUE(MID(Table1[[#This Row],[CI_95perc_Disjunctive.Power]],FIND(",",Table1[[#This Row],[CI_95perc_Disjunctive.Power]])+1,LEN(Table1[[#This Row],[CI_95perc_Disjunctive.Power]])-FIND(",",Table1[[#This Row],[CI_95perc_Disjunctive.Power]])-1)) -> 0 | BO8: =_xlfn.NUMBERVALUE(MID(Table1[[#This Row],[CI_95perc_FWER]],2,FIND(",",Table1[[#This Row],[CI_95perc_FWER]])-2)) -> 0.01819 | BP8: =_xlfn.NUMBERVALUE(MID(Table1[[#This Row],[CI_95perc_FWER]],FIND(",",Table1[[#This Row],[CI_95perc_FWER]])+1,LEN(Table1[[#This Row],[CI_95perc_FWER]])-FIND(",",Table1[[#This Row],[CI_95perc_FWER]])-1)) -> 0.01985 | BQ8: =_xlfn.CONCAT("(",TEXT(Table1[[#This Row],[LCL_Disj.Pow%]],"0.00%"), ", ",TEXT(Table1[[#This Row],[UCL_Disj.Pow%]],"0.00%"),")") -> (0.00%, 0.00%) | BR8: =_xlfn.CONCAT("(",TEXT(Table1[[#This Row],[LCL_Conj.Pow%]],"0.00%"),", ",TEXT(Table1[[#This Row],[UCL_Conj.Pow%]],"0.00%"),")") -> (0.00%, 0.00%) | BS8: =_xlfn.CONCAT("(",TEXT(Table1[[#This Row],[LCL_FWER%]],"0.00%"),", ",TEXT(Table1[[#This Row],[UCL_FWER%]],"0.00%"),")") -> (1.82%, 1.99%)
A9: 7 | B9: Best=1,N=600,MultWin=F | C9: 745664 | D9: 0.022085 | E9: 0 | F9: 0 | G9: 0.022085 | H9: (0.02125,0.02292) | I9: (0,0) | J9: (0,0) | K9: (0.02125,0.02292) | L9: 32376 | M9: 0.0016,0.0188 | N9: 1.9200537 | O9: >>> | P9: CER | Q9: 600 | R9: 0.025 | S9: NA | T9: NA | U9: UnPooled | V9: CombinationTest | W9: 3 | X9: 2 | Y9: list('EP1' = 'Binary', 'EP2' = 'Binary') | Z9: NA | AA9: NA | AB9: list('EP1' = c(0.4, 0.4, 0.4), 'EP2' = c(0.5, 0.5, 0.5)) | AC9: c(1,1,1) | AD9: matrix(c(1, 0.5, 0.5, 1), nrow = nEps) # c(1) | AE9: c(rep(1/4, 4)) | AF9: rbind(H1=c(0, 1/3, 1/3, 1/3), H2=c(1/3, 0, 1/3, 1/3), H3=c(1/3, 1/3, 0, 1/3), H4=c(1/3, 1/3, 1/3, 0)) | AG9: Partly-Parametric | AH9: c(0.5, 1) | AI9: asOF | AJ9: FALSE | AK9: TRUE | AL9: 1 | AM9: 1 | AN9: pvalue | AO9: best | AP9: 1 | AQ9: TRUE | AR9: Selection | AS9: 20000 | AT9: 2000 | AU9: 745664 | AV9: TRUE | AW9: FALSE | AX9: TRUE | AY9: TRUE | AZ9: NA | BA9: =INDEX(Inp_CER_Bin_2eps3arms!$AN$2:$AN$176,MATCH(Table1[[#This Row],[ModelID]],Inp_CER_Bin_2eps3arms!$A$2:$A$176,0)) -> 0 | BB9: NA | BC9: Ultra Aggressive | BD9: S0 | BE9: =Table1[[#This Row],[Global.Power]] -> 0.022085 | BF9: =Table1[[#This Row],[Conjunctive.Power]] -> 0 | BG9: =Table1[[#This Row],[Disjunctive.Power]] -> 0 | BH9: =Table1[[#This Row],[FWER]] -> 0.022085 | BI9: =_xlfn.NUMBERVALUE(MID(Table1[[#This Row],[CI_95perc_Global.Power]],2,FIND(",",Table1[[#This Row],[CI_95perc_Global.Power]])-2)) -> 0.02125 | BJ9: =_xlfn.NUMBERVALUE(MID(Table1[[#This Row],[CI_95perc_Global.Power]],FIND(",",Table1[[#This Row],[CI_95perc_Global.Power]])+1,LEN(Table1[[#This Row],[CI_95perc_Global.Power]])-FIND(",",Table1[[#This Row],[CI_95perc_Global.Power]])-1)) -> 0.02292 | BK9: =_xlfn.NUMBERVALUE(MID(Table1[[#This Row],[CI_95perc_Conjunctive.Power]],2,FIND(",",Table1[[#This Row],[CI_95perc_Conjunctive.Power]])-2)) -> 0 | BL9: =_xlfn.NUMBERVALUE(MID(Table1[[#This Row],[CI_95perc_Conjunctive.Power]],FIND(",",Table1[[#This Row],[CI_95perc_Conjunctive.Power]])+1,LEN(Table1[[#This Row],[CI_95perc_Conjunctive.Power]])-FIND(",",Table1[[#This Row],[CI_95perc_Conjunctive.Power]])-1)) -> 0 | BM9: =_xlfn.NUMBERVALUE(MID(Table1[[#This Row],[CI_95perc_Disjunctive.Power]],2,FIND(",",Table1[[#This Row],[CI_95perc_Disjunctive.Power]])-2)) -> 0 | BN9: =_xlfn.NUMBERVALUE(MID(Table1[[#This Row],[CI_95perc_Disjunctive.Power]],FIND(",",Table1[[#This Row],[CI_95perc_Disjunctive.Power]])+1,LEN(Table1[[#This Row],[CI_95perc_Disjunctive.Power]])-FIND(",",Table1[[#This Row],[CI_95perc_Disjunctive.Power]])-1)) -> 0 | BO9: =_xlfn.NUMBERVALUE(MID(Table1[[#This Row],[CI_95perc_FWER]],2,FIND(",",Table1[[#This Row],[CI_95perc_FWER]])-2)) -> 0.02125 | BP9: =_xlfn.NUMBERVALUE(MID(Table1[[#This Row],[CI_95perc_FWER]],FIND(",",Table1[[#This Row],[CI_95perc_FWER]])+1,LEN(Table1[[#This Row],[CI_95perc_FWER]])-FIND(",",Table1[[#This Row],[CI_95perc_FWER]])-1)) -> 0.02292 | BQ9: =_xlfn.CONCAT("(",TEXT(Table1[[#This Row],[LCL_Disj.Pow%]],"0.00%"), ", ",TEXT(Table1[[#This Row],[UCL_Disj.Pow%]],"0.00%"),")") -> (0.00%, 0.00%) | BR9: =_xlfn.CONCAT("(",TEXT(Table1[[#This Row],[LCL_Conj.Pow%]],"0.00%"),", ",TEXT(Table1[[#This Row],[UCL_Conj.Pow%]],"0.00%"),")") -> (0.00%, 0.00%) | BS9: =_xlfn.CONCAT("(",TEXT(Table1[[#This Row],[LCL_FWER%]],"0.00%"),", ",TEXT(Table1[[#This Row],[UCL_FWER%]],"0.00%"),")") -> (2.13%, 2.29%)
A10: 8 | B10: Best=1,N=3000,MultWin=F | C10: 745664 | D10: 0.02210275 | E10: 0 | F10: 0 | G10: 0.02210275 | H10: (0.02128,0.02293) | I10: (0,0) | J10: (0,0) | K10: (0.02128,0.02293) | L10: 29374 | M10: 0.00145,0.0187 | N10: 2.2180174 | O10: >>> | P10: CER | Q10: 2000 | R10: 0.025 | S10: NA | T10: NA | U10: UnPooled | V10: CombinationTest | W10: 3 | X10: 2 | Y10: list('EP1' = 'Binary', 'EP2' = 'Binary') | Z10: NA | AA10: NA | AB10: list('EP1' = c(0.4, 0.4, 0.4), 'EP2' = c(0.5, 0.5, 0.5)) | AC10: c(1,1,1) | AD10: matrix(c(1, 0.5, 0.5, 1), nrow = nEps) # c(1) | AE10: c(rep(1/4, 4)) | AF10: rbind(H1=c(0, 1/3, 1/3, 1/3), H2=c(1/3, 0, 1/3, 1/3), H3=c(1/3, 1/3, 0, 1/3), H4=c(1/3, 1/3, 1/3, 0)) | AG10: Partly-Parametric | AH10: c(0.5, 1) | AI10: asOF | AJ10: FALSE | AK10: TRUE | AL10: 1 | AM10: 1 | AN10: pvalue | AO10: best | AP10: 1 | AQ10: TRUE | AR10: Selection | AS10: 20000 | AT10: 2000 | AU10: 745664 | AV10: TRUE | AW10: FALSE | AX10: TRUE | AY10: TRUE | AZ10: NA | BA10: =INDEX(Inp_CER_Bin_2eps3arms!$AN$2:$AN$176,MATCH(Table1[[#This Row],[ModelID]],Inp_CER_Bin_2eps3arms!$A$2:$A$176,0)) -> 0 | BB10: NA | BC10: Ultra Aggressive | BD10: S0 | BE10: =Table1[[#This Row],[Global.Power]] -> 0.02210275 | BF10: =Table1[[#This Row],[Conjunctive.Power]] -> 0 | BG10: =Table1[[#This Row],[Disjunctive.Power]] -> 0 | BH10: =Table1[[#This Row],[FWER]] -> 0.02210275 | BI10: =_xlfn.NUMBERVALUE(MID(Table1[[#This Row],[CI_95perc_Global.Power]],2,FIND(",",Table1[[#This Row],[CI_95perc_Global.Power]])-2)) -> 0.02128 | BJ10: =_xlfn.NUMBERVALUE(MID(Table1[[#This Row],[CI_95perc_Global.Power]],FIND(",",Table1[[#This Row],[CI_95perc_Global.Power]])+1,LEN(Table1[[#This Row],[CI_95perc_Global.Power]])-FIND(",",Table1[[#This Row],[CI_95perc_Global.Power]])-1)) -> 0.02293 | BK10: =_xlfn.NUMBERVALUE(MID(Table1[[#This Row],[CI_95perc_Conjunctive.Power]],2,FIND(",",Table1[[#This Row],[CI_95perc_Conjunctive.Power]])-2)) -> 0 | BL10: =_xlfn.NUMBERVALUE(MID(Table1[[#This Row],[CI_95perc_Conjunctive.Power]],FIND(",",Table1[[#This Row],[CI_95perc_Conjunctive.Power]])+1,LEN(Table1[[#This Row],[CI_95perc_Conjunctive.Power]])-FIND(",",Table1[[#This Row],[CI_95perc_Conjunctive.Power]])-1)) -> 0 | BM10: =_xlfn.NUMBERVALUE(MID(Table1[[#This Row],[CI_95perc_Disjunctive.Power]],2,FIND(",",Table1[[#This Row],[CI_95perc_Disjunctive.Power]])-2)) -> 0 | BN10: =_xlfn.NUMBERVALUE(MID(Table1[[#This Row],[CI_95perc_Disjunctive.Power]],FIND(",",Table1[[#This Row],[CI_95perc_Disjunctive.Power]])+1,LEN(Table1[[#This Row],[CI_95perc_Disjunctive.Power]])-FIND(",",Table1[[#This Row],[CI_95perc_Disjunctive.Power]])-1)) -> 0 | BO10: =_xlfn.NUMBERVALUE(MID(Table1[[#This Row],[CI_95perc_FWER]],2,FIND(",",Table1[[#This Row],[CI_95perc_FWER]])-2)) -> 0.02128 | BP10: =_xlfn.NUMBERVALUE(MID(Table1[[#This Row],[CI_95perc_FWER]],FIND(",",Table1[[#This Row],[CI_95perc_FWER]])+1,LEN(Table1[[#This Row],[CI_95perc_FWER]])-FIND(",",Table1[[#This Row],[CI_95perc_FWER]])-1)) -> 0.02293 | BQ10: =_xlfn.CONCAT("(",TEXT(Table1[[#This Row],[LCL_Disj.Pow%]],"0.00%"), ", ",TEXT(Table1[[#This Row],[UCL_Disj.Pow%]],"0.00%"),")") -> (0.00%, 0.00%) | BR10: =_xlfn.CONCAT("(",TEXT(Table1[[#This Row],[LCL_Conj.Pow%]],"0.00%"),", ",TEXT(Table1[[#This Row],[UCL_Conj.Pow%]],"0.00%"),")") -> (0.00%, 0.00%) | BS10: =_xlfn.CONCAT("(",TEXT(Table1[[#This Row],[LCL_FWER%]],"0.00%"),", ",TEXT(Table1[[#This Row],[UCL_FWER%]],"0.00%"),")") -> (2.13%, 2.29%)
A11: 9 | B11: No drop,N=3000,MultWin=T | C11: 6534 | D11: 0.0250212 | E11: 0 | F11: 0 | G11: 0.0250212 | H11: (0.02412,0.02592) | I11: (0,0) | J11: (0,0) | K11: (0.02412,0.02592) | L11: 37447 | M11: 0.00185,0.02235 | N11: 2.6693991 | O11: >>> | P11: CER | Q11: 2000 | R11: 0.025 | S11: NA | T11: NA | U11: UnPooled | V11: CombinationTest | W11: 3 | X11: 2 | Y11: list('EP1' = 'Binary', 'EP2' = 'Binary') | Z11: NA | AA11: NA | AB11: list('EP1' = c(0.4, 0.4, 0.4), 'EP2' = c(0.5, 0.5, 0.5)) | AC11: c(1,1,1) | AD11: matrix(c(1, 0.5, 0.5, 1), nrow = nEps) # c(1) | AE11: c(rep(1/4, 4)) | AF11: rbind(H1=c(0, 1/3, 1/3, 1/3), H2=c(1/3, 0, 1/3, 1/3), H3=c(1/3, 1/3, 0, 1/3), H4=c(1/3, 1/3, 1/3, 0)) | AG11: Partly-Parametric | AH11: c(0.5, 1) | AI11: asOF | AJ11: TRUE | AK11: FALSE | AL11: NA | AM11: NA | AN11: NA | AO11: NA | AP11: NA | AQ11: NA | AR11: None | AS11: 20000 | AT11: 2000 | AU11: 6534 | AV11: TRUE | AW11: FALSE | AX11: TRUE | AY11: TRUE | AZ11: NA | BA11: =INDEX(Inp_CER_Bin_2eps3arms!$AN$2:$AN$176,MATCH(Table1[[#This Row],[ModelID]],Inp_CER_Bin_2eps3arms!$A$2:$A$176,0)) -> 0 | BB11: NA | BC11: No drop | BD11: S0 | BE11: =Table1[[#This Row],[Global.Power]] -> 0.0250212 | BF11: =Table1[[#This Row],[Conjunctive.Power]] -> 0 | BG11: =Table1[[#This Row],[Disjunctive.Power]] -> 0 | BH11: =Table1[[#This Row],[FWER]] -> 0.0250212 | BI11: =_xlfn.NUMBERVALUE(MID(Table1[[#This Row],[CI_95perc_Global.Power]],2,FIND(",",Table1[[#This Row],[CI_95perc_Global.Power]])-2)) -> 0.02412 | BJ11: =_xlfn.NUMBERVALUE(MID(Table1[[#This Row],[CI_95perc_Global.Power]],FIND(",",Table1[[#This Row],[CI_95perc_Global.Power]])+1,LEN(Table1[[#This Row],[CI_95perc_Global.Power]])-FIND(",",Table1[[#This Row],[CI_95perc_Global.Power]])-1)) -> 0.02592 | BK11: =_xlfn.NUMBERVALUE(MID(Table1[[#This Row],[CI_95perc_Conjunctive.Power]],2,FIND(",",Table1[[#This Row],[CI_95perc_Conjunctive.Power]])-2)) -> 0 | BL11: =_xlfn.NUMBERVALUE(MID(Table1[[#This Row],[CI_95perc_Conjunctive.Power]],FIND(",",Table1[[#This Row],[CI_95perc_Conjunctive.Power]])+1,LEN(Table1[[#This Row],[CI_95perc_Conjunctive.Power]])-FIND(",",Table1[[#This Row],[CI_95perc_Conjunctive.Power]])-1)) -> 0 | BM11: =_xlfn.NUMBERVALUE(MID(Table1[[#This Row],[CI_95perc_Disjunctive.Power]],2,FIND(",",Table1[[#This Row],[CI_95perc_Disjunctive.Power]])-2)) -> 0 | BN11: =_xlfn.NUMBERVALUE(MID(Table1[[#This Row],[CI_95perc_Disjunctive.Power]],FIND(",",Table1[[#This Row],[CI_95perc_Disjunctive.Power]])+1,LEN(Table1[[#This Row],[CI_95perc_Disjunctive.Power]])-FIND(",",Table1[[#This Row],[CI_95perc_Disjunctive.Power]])-1)) -> 0 | BO11: =_xlfn.NUMBERVALUE(MID(Table1[[#This Row],[CI_95perc_FWER]],2,FIND(",",Table1[[#This Row],[CI_95perc_FWER]])-2)) -> 0.02412 | BP11: =_xlfn.NUMBERVALUE(MID(Table1[[#This Row],[CI_95perc_FWER]],FIND(",",Table1[[#This Row],[CI_95perc_FWER]])+1,LEN(Table1[[#This Row],[CI_95perc_FWER]])-FIND(",",Table1[[#This Row],[CI_95perc_FWER]])-1)) -> 0.02592 | BQ11: =_xlfn.CONCAT("(",TEXT(Table1[[#This Row],[LCL_Disj.Pow%]],"0.00%"), ", ",TEXT(Table1[[#This Row],[UCL_Disj.Pow%]],"0.00%"),")") -> (0.00%, 0.00%) | BR11: =_xlfn.CONCAT("(",TEXT(Table1[[#This Row],[LCL_Conj.Pow%]],"0.00%"),", ",TEXT(Table1[[#This Row],[UCL_Conj.Pow%]],"0.00%"),")") -> (0.00%, 0.00%) | BS11: =_xlfn.CONCAT("(",TEXT(Table1[[#This Row],[LCL_FWER%]],"0.00%"),", ",TEXT(Table1[[#This Row],[UCL_FWER%]],"0.00%"),")") -> (2.41%, 2.59%)
A12: 10 | B12: Fut=0.25,N=3000,MultWin=T | C12: 6534 | D12: 0.0194127 | E12: 0 | F12: 0 | G12: 0.0194127 | H12: (0.01854,0.02029) | I12: (0,0) | J12: (0,0) | K12: (0.01854,0.02029) | L12: 37343 | M12: 0.00185,0.01715 | N12: 0.9449927 | O12: >>> | P12: CER | Q12: 2000 | R12: 0.025 | S12: NA | T12: NA | U12: UnPooled | V12: CombinationTest | W12: 3 | X12: 2 | Y12: list('EP1' = 'Binary', 'EP2' = 'Binary') | Z12: NA | AA12: NA | AB12: list('EP1' = c(0.4, 0.4, 0.4), 'EP2' = c(0.5, 0.5, 0.5)) | AC12: c(1,1,1) | AD12: matrix(c(1, 0.5, 0.5, 1), nrow = nEps) # c(1) | AE12: c(rep(1/4, 4)) | AF12: rbind(H1=c(0, 1/3, 1/3, 1/3), H2=c(1/3, 0, 1/3, 1/3), H3=c(1/3, 1/3, 0, 1/3), H4=c(1/3, 1/3, 1/3, 0)) | AG12: Partly-Parametric | AH12: c(0.5, 1) | AI12: asOF | AJ12: TRUE | AK12: TRUE | AL12: 1 | AM12: 1 | AN12: pvalue | AO12: threshold | AP12: 0.25 | AQ12: TRUE | AR12: Selection | AS12: 20000 | AT12: 2000 | AU12: 6534 | AV12: TRUE | AW12: FALSE | AX12: TRUE | AY12: TRUE | AZ12: NA | BA12: =INDEX(Inp_CER_Bin_2eps3arms!$AN$2:$AN$176,MATCH(Table1[[#This Row],[ModelID]],Inp_CER_Bin_2eps3arms!$A$2:$A$176,0)) -> 0 | BB12: NA | BC12: Aggressive | BD12: S0 | BE12: =Table1[[#This Row],[Global.Power]] -> 0.0194127 | BF12: =Table1[[#This Row],[Conjunctive.Power]] -> 0 | BG12: =Table1[[#This Row],[Disjunctive.Power]] -> 0 | BH12: =Table1[[#This Row],[FWER]] -> 0.0194127 | BI12: =_xlfn.NUMBERVALUE(MID(Table1[[#This Row],[CI_95perc_Global.Power]],2,FIND(",",Table1[[#This Row],[CI_95perc_Global.Power]])-2)) -> 0.01854 | BJ12: =_xlfn.NUMBERVALUE(MID(Table1[[#This Row],[CI_95perc_Global.Power]],FIND(",",Table1[[#This Row],[CI_95perc_Global.Power]])+1,LEN(Table1[[#This Row],[CI_95perc_Global.Power]])-FIND(",",Table1[[#This Row],[CI_95perc_Global.Power]])-1)) -> 0.02029 | BK12: =_xlfn.NUMBERVALUE(MID(Table1[[#This Row],[CI_95perc_Conjunctive.Power]],2,FIND(",",Table1[[#This Row],[CI_95perc_Conjunctive.Power]])-2)) -> 0 | BL12: =_xlfn.NUMBERVALUE(MID(Table1[[#This Row],[CI_95perc_Conjunctive.Power]],FIND(",",Table1[[#This Row],[CI_95perc_Conjunctive.Power]])+1,LEN(Table1[[#This Row],[CI_95perc_Conjunctive.Power]])-FIND(",",Table1[[#This Row],[CI_95perc_Conjunctive.Power]])-1)) -> 0 | BM12: =_xlfn.NUMBERVALUE(MID(Table1[[#This Row],[CI_95perc_Disjunctive.Power]],2,FIND(",",Table1[[#This Row],[CI_95perc_Disjunctive.Power]])-2)) -> 0 | BN12: =_xlfn.NUMBERVALUE(MID(Table1[[#This Row],[CI_95perc_Disjunctive.Power]],FIND(",",Table1[[#This Row],[CI_95perc_Disjunctive.Power]])+1,LEN(Table1[[#This Row],[CI_95perc_Disjunctive.Power]])-FIND(",",Table1[[#This Row],[CI_95perc_Disjunctive.Power]])-1)) -> 0 | BO12: =_xlfn.NUMBERVALUE(MID(Table1[[#This Row],[CI_95perc_FWER]],2,FIND(",",Table1[[#This Row],[CI_95perc_FWER]])-2)) -> 0.01854 | BP12: =_xlfn.NUMBERVALUE(MID(Table1[[#This Row],[CI_95perc_FWER]],FIND(",",Table1[[#This Row],[CI_95perc_FWER]])+1,LEN(Table1[[#This Row],[CI_95perc_FWER]])-FIND(",",Table1[[#This Row],[CI_95perc_FWER]])-1)) -> 0.02029 | BQ12: =_xlfn.CONCAT("(",TEXT(Table1[[#This Row],[LCL_Disj.Pow%]],"0.00%"), ", ",TEXT(Table1[[#This Row],[UCL_Disj.Pow%]],"0.00%"),")") -> (0.00%, 0.00%) | BR12: =_xlfn.CONCAT("(",TEXT(Table1[[#This Row],[LCL_Conj.Pow%]],"0.00%"),", ",TEXT(Table1[[#This Row],[UCL_Conj.Pow%]],"0.00%"),")") -> (0.00%, 0.00%) | BS12: =_xlfn.CONCAT("(",TEXT(Table1[[#This Row],[LCL_FWER%]],"0.00%"),", ",TEXT(Table1[[#This Row],[UCL_FWER%]],"0.00%"),")") -> (1.85%, 2.03%)
A13: 11 | B13: Best=1,N=3000,MultWin=T | C13: 6534 | D13: 0.022210225 | E13: 0 | F13: 0 | G13: 0.022210225 | H13: (0.02135,0.02307) | I13: (0,0) | J13: (0,0) | K13: (0.02135,0.02307) | L13: 37398 | M13: 0.00185,0.0199 | N13: 2.2170089 | O13: >>> | P13: CER | Q13: 2000 | R13: 0.025 | S13: NA | T13: NA | U13: UnPooled | V13: CombinationTest | W13: 3 | X13: 2 | Y13: list('EP1' = 'Binary', 'EP2' = 'Binary') | Z13: NA | AA13: NA | AB13: list('EP1' = c(0.4, 0.4, 0.4), 'EP2' = c(0.5, 0.5, 0.5)) | AC13: c(1,1,1) | AD13: matrix(c(1, 0.5, 0.5, 1), nrow = nEps) # c(1) | AE13: c(rep(1/4, 4)) | AF13: rbind(H1=c(0, 1/3, 1/3, 1/3), H2=c(1/3, 0, 1/3, 1/3), H3=c(1/3, 1/3, 0, 1/3), H4=c(1/3, 1/3, 1/3, 0)) | AG13: Partly-Parametric | AH13: c(0.5, 1) | AI13: asOF | AJ13: TRUE | AK13: TRUE | AL13: 1 | AM13: 1 | AN13: pvalue | AO13: best | AP13: 1 | AQ13: TRUE | AR13: Selection | AS13: 20000 | AT13: 2000 | AU13: 6534 | AV13: TRUE | AW13: FALSE | AX13: TRUE | AY13: TRUE | AZ13: NA | BA13: =INDEX(Inp_CER_Bin_2eps3arms!$AN$2:$AN$176,MATCH(Table1[[#This Row],[ModelID]],Inp_CER_Bin_2eps3arms!$A$2:$A$176,0)) -> 0 | BB13: NA | BC13: Ultra Aggressive | BD13: S0 | BE13: =Table1[[#This Row],[Global.Power]] -> 0.022210225 | BF13: =Table1[[#This Row],[Conjunctive.Power]] -> 0 | BG13: =Table1[[#This Row],[Disjunctive.Power]] -> 0 | BH13: =Table1[[#This Row],[FWER]] -> 0.022210225 | BI13: =_xlfn.NUMBERVALUE(MID(Table1[[#This Row],[CI_95perc_Global.Power]],2,FIND(",",Table1[[#This Row],[CI_95perc_Global.Power]])-2)) -> 0.02135 | BJ13: =_xlfn.NUMBERVALUE(MID(Table1[[#This Row],[CI_95perc_Global.Power]],FIND(",",Table1[[#This Row],[CI_95perc_Global.Power]])+1,LEN(Table1[[#This Row],[CI_95perc_Global.Power]])-FIND(",",Table1[[#This Row],[CI_95perc_Global.Power]])-1)) -> 0.02307 | BK13: =_xlfn.NUMBERVALUE(MID(Table1[[#This Row],[CI_95perc_Conjunctive.Power]],2,FIND(",",Table1[[#This Row],[CI_95perc_Conjunctive.Power]])-2)) -> 0 | BL13: =_xlfn.NUMBERVALUE(MID(Table1[[#This Row],[CI_95perc_Conjunctive.Power]],FIND(",",Table1[[#This Row],[CI_95perc_Conjunctive.Power]])+1,LEN(Table1[[#This Row],[CI_95perc_Conjunctive.Power]])-FIND(",",Table1[[#This Row],[CI_95perc_Conjunctive.Power]])-1)) -> 0 | BM13: =_xlfn.NUMBERVALUE(MID(Table1[[#This Row],[CI_95perc_Disjunctive.Power]],2,FIND(",",Table1[[#This Row],[CI_95perc_Disjunctive.Power]])-2)) -> 0 | BN13: =_xlfn.NUMBERVALUE(MID(Table1[[#This Row],[CI_95perc_Disjunctive.Power]],FIND(",",Table1[[#This Row],[CI_95perc_Disjunctive.Power]])+1,LEN(Table1[[#This Row],[CI_95perc_Disjunctive.Power]])-FIND(",",Table1[[#This Row],[CI_95perc_Disjunctive.Power]])-1)) -> 0 | BO13: =_xlfn.NUMBERVALUE(MID(Table1[[#This Row],[CI_95perc_FWER]],2,FIND(",",Table1[[#This Row],[CI_95perc_FWER]])-2)) -> 0.02135 | BP13: =_xlfn.NUMBERVALUE(MID(Table1[[#This Row],[CI_95perc_FWER]],FIND(",",Table1[[#This Row],[CI_95perc_FWER]])+1,LEN(Table1[[#This Row],[CI_95perc_FWER]])-FIND(",",Table1[[#This Row],[CI_95perc_FWER]])-1)) -> 0.02307 | BQ13: =_xlfn.CONCAT("(",TEXT(Table1[[#This Row],[LCL_Disj.Pow%]],"0.00%"), ", ",TEXT(Table1[[#This Row],[UCL_Disj.Pow%]],"0.00%"),")") -> (0.00%, 0.00%) | BR13: =_xlfn.CONCAT("(",TEXT(Table1[[#This Row],[LCL_Conj.Pow%]],"0.00%"),", ",TEXT(Table1[[#This Row],[UCL_Conj.Pow%]],"0.00%"),")") -> (0.00%, 0.00%) | BS13: =_xlfn.CONCAT("(",TEXT(Table1[[#This Row],[LCL_FWER%]],"0.00%"),", ",TEXT(Table1[[#This Row],[UCL_FWER%]],"0.00%"),")") -> (2.14%, 2.31%)
A14: 12 | B14: No drop,N=3000,Pooled | C14: 6534 | D14: 0.02417605 | E14: 0 | F14: 0 | G14: 0.02417605 | H14: (0.0233,0.02505) | I14: (0,0) | J14: (0,0) | K14: (0.0233,0.02505) | L14: 34432 | M14: 0.0017,0.0216 | N14: 2.7066309 | O14: >>> | P14: CER | Q14: 2000 | R14: 0.025 | S14: NA | T14: NA | U14: Pooled | V14: CombinationTest | W14: 3 | X14: 2 | Y14: list('EP1' = 'Binary', 'EP2' = 'Binary') | Z14: NA | AA14: NA | AB14: list('EP1' = c(0.4, 0.4, 0.4), 'EP2' = c(0.5, 0.5, 0.5)) | AC14: c(1,1,1) | AD14: matrix(c(1, 0.5, 0.5, 1), nrow = nEps) # c(1) | AE14: c(rep(1/4, 4)) | AF14: rbind(H1=c(0, 1/3, 1/3, 1/3), H2=c(1/3, 0, 1/3, 1/3), H3=c(1/3, 1/3, 0, 1/3), H4=c(1/3, 1/3, 1/3, 0)) | AG14: Partly-Parametric | AH14: c(0.5, 1) | AI14: asOF | AJ14: FALSE | AK14: FALSE | AL14: NA | AM14: NA | AN14: NA | AO14: NA | AP14: NA | AQ14: NA | AR14: None | AS14: 20000 | AT14: 2000 | AU14: 6534 | AV14: TRUE | AW14: FALSE | AX14: TRUE | AY14: TRUE | AZ14: NA | BA14: =INDEX(Inp_CER_Bin_2eps3arms!$AN$2:$AN$176,MATCH(Table1[[#This Row],[ModelID]],Inp_CER_Bin_2eps3arms!$A$2:$A$176,0)) -> 0 | BB14: NA | BC14: No drop | BD14: S0 | BE14: =Table1[[#This Row],[Global.Power]] -> 0.02417605 | BF14: =Table1[[#This Row],[Conjunctive.Power]] -> 0 | BG14: =Table1[[#This Row],[Disjunctive.Power]] -> 0 | BH14: =Table1[[#This Row],[FWER]] -> 0.02417605 | BI14: =_xlfn.NUMBERVALUE(MID(Table1[[#This Row],[CI_95perc_Global.Power]],2,FIND(",",Table1[[#This Row],[CI_95perc_Global.Power]])-2)) -> 0.0233 | BJ14: =_xlfn.NUMBERVALUE(MID(Table1[[#This Row],[CI_95perc_Global.Power]],FIND(",",Table1[[#This Row],[CI_95perc_Global.Power]])+1,LEN(Table1[[#This Row],[CI_95perc_Global.Power]])-FIND(",",Table1[[#This Row],[CI_95perc_Global.Power]])-1)) -> 0.02505 | BK14: =_xlfn.NUMBERVALUE(MID(Table1[[#This Row],[CI_95perc_Conjunctive.Power]],2,FIND(",",Table1[[#This Row],[CI_95perc_Conjunctive.Power]])-2)) -> 0 | BL14: =_xlfn.NUMBERVALUE(MID(Table1[[#This Row],[CI_95perc_Conjunctive.Power]],FIND(",",Table1[[#This Row],[CI_95perc_Conjunctive.Power]])+1,LEN(Table1[[#This Row],[CI_95perc_Conjunctive.Power]])-FIND(",",Table1[[#This Row],[CI_95perc_Conjunctive.Power]])-1)) -> 0 | BM14: =_xlfn.NUMBERVALUE(MID(Table1[[#This Row],[CI_95perc_Disjunctive.Power]],2,FIND(",",Table1[[#This Row],[CI_95perc_Disjunctive.Power]])-2)) -> 0 | BN14: =_xlfn.NUMBERVALUE(MID(Table1[[#This Row],[CI_95perc_Disjunctive.Power]],FIND(",",Table1[[#This Row],[CI_95perc_Disjunctive.Power]])+1,LEN(Table1[[#This Row],[CI_95perc_Disjunctive.Power]])-FIND(",",Table1[[#This Row],[CI_95perc_Disjunctive.Power]])-1)) -> 0 | BO14: =_xlfn.NUMBERVALUE(MID(Table1[[#This Row],[CI_95perc_FWER]],2,FIND(",",Table1[[#This Row],[CI_95perc_FWER]])-2)) -> 0.0233 | BP14: =_xlfn.NUMBERVALUE(MID(Table1[[#This Row],[CI_95perc_FWER]],FIND(",",Table1[[#This Row],[CI_95perc_FWER]])+1,LEN(Table1[[#This Row],[CI_95perc_FWER]])-FIND(",",Table1[[#This Row],[CI_95perc_FWER]])-1)) -> 0.02505 | BQ14: =_xlfn.CONCAT("(",TEXT(Table1[[#This Row],[LCL_Disj.Pow%]],"0.00%"), ", ",TEXT(Table1[[#This Row],[UCL_Disj.Pow%]],"0.00%"),")") -> (0.00%, 0.00%) | BR14: =_xlfn.CONCAT("(",TEXT(Table1[[#This Row],[LCL_Conj.Pow%]],"0.00%"),", ",TEXT(Table1[[#This Row],[UCL_Conj.Pow%]],"0.00%"),")") -> (0.00%, 0.00%) | BS14: =_xlfn.CONCAT("(",TEXT(Table1[[#This Row],[LCL_FWER%]],"0.00%"),", ",TEXT(Table1[[#This Row],[UCL_FWER%]],"0.00%"),")") -> (2.33%, 2.51%)
A15: 13 | B15: Fut=0.25,N=3000,Pooled | C15: 6534 | D15: 0.018925675 | E15: 0 | F15: 0 | G15: 0.018925675 | H15: (0.01808,0.01978) | I15: (0,0) | J15: (0,0) | K15: (0.01808,0.01978) | L15: 34335 | M15: 0.0017,0.01675 | N15: 0.94158148 | O15: >>> | P15: CER | Q15: 2000 | R15: 0.025 | S15: NA | T15: NA | U15: Pooled | V15: CombinationTest | W15: 3 | X15: 2 | Y15: list('EP1' = 'Binary', 'EP2' = 'Binary') | Z15: NA | AA15: NA | AB15: list('EP1' = c(0.4, 0.4, 0.4), 'EP2' = c(0.5, 0.5, 0.5)) | AC15: c(1,1,1) | AD15: matrix(c(1, 0.5, 0.5, 1), nrow = nEps) # c(1) | AE15: c(rep(1/4, 4)) | AF15: rbind(H1=c(0, 1/3, 1/3, 1/3), H2=c(1/3, 0, 1/3, 1/3), H3=c(1/3, 1/3, 0, 1/3), H4=c(1/3, 1/3, 1/3, 0)) | AG15: Partly-Parametric | AH15: c(0.5, 1) | AI15: asOF | AJ15: FALSE | AK15: TRUE | AL15: 1 | AM15: 1 | AN15: pvalue | AO15: threshold | AP15: 0.25 | AQ15: TRUE | AR15: Selection | AS15: 20000 | AT15: 2000 | AU15: 6534 | AV15: TRUE | AW15: FALSE | AX15: TRUE | AY15: TRUE | AZ15: NA | BA15: =INDEX(Inp_CER_Bin_2eps3arms!$AN$2:$AN$176,MATCH(Table1[[#This Row],[ModelID]],Inp_CER_Bin_2eps3arms!$A$2:$A$176,0)) -> 0 | BB15: NA | BC15: Aggressive | BD15: S0 | BE15: =Table1[[#This Row],[Global.Power]] -> 0.018925675 | BF15: =Table1[[#This Row],[Conjunctive.Power]] -> 0 | BG15: =Table1[[#This Row],[Disjunctive.Power]] -> 0 | BH15: =Table1[[#This Row],[FWER]] -> 0.018925675 | BI15: =_xlfn.NUMBERVALUE(MID(Table1[[#This Row],[CI_95perc_Global.Power]],2,FIND(",",Table1[[#This Row],[CI_95perc_Global.Power]])-2)) -> 0.01808 | BJ15: =_xlfn.NUMBERVALUE(MID(Table1[[#This Row],[CI_95perc_Global.Power]],FIND(",",Table1[[#This Row],[CI_95perc_Global.Power]])+1,LEN(Table1[[#This Row],[CI_95perc_Global.Power]])-FIND(",",Table1[[#This Row],[CI_95perc_Global.Power]])-1)) -> 0.01978 | BK15: =_xlfn.NUMBERVALUE(MID(Table1[[#This Row],[CI_95perc_Conjunctive.Power]],2,FIND(",",Table1[[#This Row],[CI_95perc_Conjunctive.Power]])-2)) -> 0 | BL15: =_xlfn.NUMBERVALUE(MID(Table1[[#This Row],[CI_95perc_Conjunctive.Power]],FIND(",",Table1[[#This Row],[CI_95perc_Conjunctive.Power]])+1,LEN(Table1[[#This Row],[CI_95perc_Conjunctive.Power]])-FIND(",",Table1[[#This Row],[CI_95perc_Conjunctive.Power]])-1)) -> 0 | BM15: =_xlfn.NUMBERVALUE(MID(Table1[[#This Row],[CI_95perc_Disjunctive.Power]],2,FIND(",",Table1[[#This Row],[CI_95perc_Disjunctive.Power]])-2)) -> 0 | BN15: =_xlfn.NUMBERVALUE(MID(Table1[[#This Row],[CI_95perc_Disjunctive.Power]],FIND(",",Table1[[#This Row],[CI_95perc_Disjunctive.Power]])+1,LEN(Table1[[#This Row],[CI_95perc_Disjunctive.Power]])-FIND(",",Table1[[#This Row],[CI_95perc_Disjunctive.Power]])-1)) -> 0 | BO15: =_xlfn.NUMBERVALUE(MID(Table1[[#This Row],[CI_95perc_FWER]],2,FIND(",",Table1[[#This Row],[CI_95perc_FWER]])-2)) -> 0.01808 | BP15: =_xlfn.NUMBERVALUE(MID(Table1[[#This Row],[CI_95perc_FWER]],FIND(",",Table1[[#This Row],[CI_95perc_FWER]])+1,LEN(Table1[[#This Row],[CI_95perc_FWER]])-FIND(",",Table1[[#This Row],[CI_95perc_FWER]])-1)) -> 0.01978 | BQ15: =_xlfn.CONCAT("(",TEXT(Table1[[#This Row],[LCL_Disj.Pow%]],"0.00%"), ", ",TEXT(Table1[[#This Row],[UCL_Disj.Pow%]],"0.00%"),")") -> (0.00%, 0.00%) | BR15: =_xlfn.CONCAT("(",TEXT(Table1[[#This Row],[LCL_Conj.Pow%]],"0.00%"),", ",TEXT(Table1[[#This Row],[UCL_Conj.Pow%]],"0.00%"),")") -> (0.00%, 0.00%) | BS15: =_xlfn.CONCAT("(",TEXT(Table1[[#This Row],[LCL_FWER%]],"0.00%"),", ",TEXT(Table1[[#This Row],[UCL_FWER%]],"0.00%"),")") -> (1.81%, 1.98%)
A16: 14 | B16: Best=1,N=3000,Pooled | C16: 6534 | D16: 0.02175405 | E16: 0 | F16: 0 | G16: 0.02175405 | H16: (0.02091,0.02259) | I16: (0,0) | J16: (0,0) | K16: (0.02091,0.02259) | L16: 34392 | M16: 0.0017,0.0196 | N16: 2.20558 | O16: >>> | P16: CER | Q16: 2000 | R16: 0.025 | S16: NA | T16: NA | U16: Pooled | V16: CombinationTest | W16: 3 | X16: 2 | Y16: list('EP1' = 'Binary', 'EP2' = 'Binary') | Z16: NA | AA16: NA | AB16: list('EP1' = c(0.4, 0.4, 0.4), 'EP2' = c(0.5, 0.5, 0.5)) | AC16: c(1,1,1) | AD16: matrix(c(1, 0.5, 0.5, 1), nrow = nEps) # c(1) | AE16: c(rep(1/4, 4)) | AF16: rbind(H1=c(0, 1/3, 1/3, 1/3), H2=c(1/3, 0, 1/3, 1/3), H3=c(1/3, 1/3, 0, 1/3), H4=c(1/3, 1/3, 1/3, 0)) | AG16: Partly-Parametric | AH16: c(0.5, 1) | AI16: asOF | AJ16: FALSE | AK16: TRUE | AL16: 1 | AM16: 1 | AN16: pvalue | AO16: best | AP16: 1 | AQ16: TRUE | AR16: Selection | AS16: 20000 | AT16: 2000 | AU16: 6534 | AV16: TRUE | AW16: FALSE | AX16: TRUE | AY16: TRUE | AZ16: NA | BA16: =INDEX(Inp_CER_Bin_2eps3arms!$AN$2:$AN$176,MATCH(Table1[[#This Row],[ModelID]],Inp_CER_Bin_2eps3arms!$A$2:$A$176,0)) -> 0 | BB16: NA | BC16: Ultra Aggressive | BD16: S0 | BE16: =Table1[[#This Row],[Global.Power]] -> 0.02175405 | BF16: =Table1[[#This Row],[Conjunctive.Power]] -> 0 | BG16: =Table1[[#This Row],[Disjunctive.Power]] -> 0 | BH16: =Table1[[#This Row],[FWER]] -> 0.02175405 | BI16: =_xlfn.NUMBERVALUE(MID(Table1[[#This Row],[CI_95perc_Global.Power]],2,FIND(",",Table1[[#This Row],[CI_95perc_Global.Power]])-2)) -> 0.02091 | BJ16: =_xlfn.NUMBERVALUE(MID(Table1[[#This Row],[CI_95perc_Global.Power]],FIND(",",Table1[[#This Row],[CI_95perc_Global.Power]])+1,LEN(Table1[[#This Row],[CI_95perc_Global.Power]])-FIND(",",Table1[[#This Row],[CI_95perc_Global.Power]])-1)) -> 0.02259 | BK16: =_xlfn.NUMBERVALUE(MID(Table1[[#This Row],[CI_95perc_Conjunctive.Power]],2,FIND(",",Table1[[#This Row],[CI_95perc_Conjunctive.Power]])-2)) -> 0 | BL16: =_xlfn.NUMBERVALUE(MID(Table1[[#This Row],[CI_95perc_Conjunctive.Power]],FIND(",",Table1[[#This Row],[CI_95perc_Conjunctive.Power]])+1,LEN(Table1[[#This Row],[CI_95perc_Conjunctive.Power]])-FIND(",",Table1[[#This Row],[CI_95perc_Conjunctive.Power]])-1)) -> 0 | BM16: =_xlfn.NUMBERVALUE(MID(Table1[[#This Row],[CI_95perc_Disjunctive.Power]],2,FIND(",",Table1[[#This Row],[CI_95perc_Disjunctive.Power]])-2)) -> 0 | BN16: =_xlfn.NUMBERVALUE(MID(Table1[[#This Row],[CI_95perc_Disjunctive.Power]],FIND(",",Table1[[#This Row],[CI_95perc_Disjunctive.Power]])+1,LEN(Table1[[#This Row],[CI_95perc_Disjunctive.Power]])-FIND(",",Table1[[#This Row],[CI_95perc_Disjunctive.Power]])-1)) -> 0 | BO16: =_xlfn.NUMBERVALUE(MID(Table1[[#This Row],[CI_95perc_FWER]],2,FIND(",",Table1[[#This Row],[CI_95perc_FWER]])-2)) -> 0.02091 | BP16: =_xlfn.NUMBERVALUE(MID(Table1[[#This Row],[CI_95perc_FWER]],FIND(",",Table1[[#This Row],[CI_95perc_FWER]])+1,LEN(Table1[[#This Row],[CI_95perc_FWER]])-FIND(",",Table1[[#This Row],[CI_95perc_FWER]])-1)) -> 0.02259 | BQ16: =_xlfn.CONCAT("(",TEXT(Table1[[#This Row],[LCL_Disj.Pow%]],"0.00%"), ", ",TEXT(Table1[[#This Row],[UCL_Disj.Pow%]],"0.00%"),")") -> (0.00%, 0.00%) | BR16: =_xlfn.CONCAT("(",TEXT(Table1[[#This Row],[LCL_Conj.Pow%]],"0.00%"),", ",TEXT(Table1[[#This Row],[UCL_Conj.Pow%]],"0.00%"),")") -> (0.00%, 0.00%) | BS16: =_xlfn.CONCAT("(",TEXT(Table1[[#This Row],[LCL_FWER%]],"0.00%"),", ",TEXT(Table1[[#This Row],[UCL_FWER%]],"0.00%"),")") -> (2.09%, 2.26%)
A17: 15 | B17: No drop,N=3000,CumStat | C17: 6534 | D17: 0.0250136 | E17: 0 | F17: 0 | G17: 0.0250136 | H17: (0.02411,0.02591) | I17: (0,0) | J17: (0,0) | K17: (0.02411,0.02591) | L17: 37444 | M17: 0.00185,0.0222 | N17: 3.0320999 | O17: >>> | P17: CER | Q17: 2000 | R17: 0.025 | S17: NA | T17: NA | U17: UnPooled | V17: None | W17: 3 | X17: 2 | Y17: list('EP1' = 'Binary', 'EP2' = 'Binary') | Z17: NA | AA17: NA | AB17: list('EP1' = c(0.4, 0.4, 0.4), 'EP2' = c(0.5, 0.5, 0.5)) | AC17: c(1,1,1) | AD17: matrix(c(1, 0.5, 0.5, 1), nrow = nEps) # c(1) | AE17: c(rep(1/4, 4)) | AF17: rbind(H1=c(0, 1/3, 1/3, 1/3), H2=c(1/3, 0, 1/3, 1/3), H3=c(1/3, 1/3, 0, 1/3), H4=c(1/3, 1/3, 1/3, 0)) | AG17: Partly-Parametric | AH17: c(0.5, 1) | AI17: asOF | AJ17: FALSE | AK17: FALSE | AL17: NA | AM17: NA | AN17: NA | AO17: NA | AP17: NA | AQ17: NA | AR17: None | AS17: 20000 | AT17: 2000 | AU17: 6534 | AV17: TRUE | AW17: FALSE | AX17: TRUE | AY17: TRUE | AZ17: NA | BA17: =INDEX(Inp_CER_Bin_2eps3arms!$AN$2:$AN$176,MATCH(Table1[[#This Row],[ModelID]],Inp_CER_Bin_2eps3arms!$A$2:$A$176,0)) -> 0 | BB17: NA | BC17: No drop | BD17: S0 | BE17: =Table1[[#This Row],[Global.Power]] -> 0.0250136 | BF17: =Table1[[#This Row],[Conjunctive.Power]] -> 0 | BG17: =Table1[[#This Row],[Disjunctive.Power]] -> 0 | BH17: =Table1[[#This Row],[FWER]] -> 0.0250136 | BI17: =_xlfn.NUMBERVALUE(MID(Table1[[#This Row],[CI_95perc_Global.Power]],2,FIND(",",Table1[[#This Row],[CI_95perc_Global.Power]])-2)) -> 0.02411 | BJ17: =_xlfn.NUMBERVALUE(MID(Table1[[#This Row],[CI_95perc_Global.Power]],FIND(",",Table1[[#This Row],[CI_95perc_Global.Power]])+1,LEN(Table1[[#This Row],[CI_95perc_Global.Power]])-FIND(",",Table1[[#This Row],[CI_95perc_Global.Power]])-1)) -> 0.02591 | BK17: =_xlfn.NUMBERVALUE(MID(Table1[[#This Row],[CI_95perc_Conjunctive.Power]],2,FIND(",",Table1[[#This Row],[CI_95perc_Conjunctive.Power]])-2)) -> 0 | BL17: =_xlfn.NUMBERVALUE(MID(Table1[[#This Row],[CI_95perc_Conjunctive.Power]],FIND(",",Table1[[#This Row],[CI_95perc_Conjunctive.Power]])+1,LEN(Table1[[#This Row],[CI_95perc_Conjunctive.Power]])-FIND(",",Table1[[#This Row],[CI_95perc_Conjunctive.Power]])-1)) -> 0 | BM17: =_xlfn.NUMBERVALUE(MID(Table1[[#This Row],[CI_95perc_Disjunctive.Power]],2,FIND(",",Table1[[#This Row],[CI_95perc_Disjunctive.Power]])-2)) -> 0 | BN17: =_xlfn.NUMBERVALUE(MID(Table1[[#This Row],[CI_95perc_Disjunctive.Power]],FIND(",",Table1[[#This Row],[CI_95perc_Disjunctive.Power]])+1,LEN(Table1[[#This Row],[CI_95perc_Disjunctive.Power]])-FIND(",",Table1[[#This Row],[CI_95perc_Disjunctive.Power]])-1)) -> 0 | BO17: =_xlfn.NUMBERVALUE(MID(Table1[[#This Row],[CI_95perc_FWER]],2,FIND(",",Table1[[#This Row],[CI_95perc_FWER]])-2)) -> 0.02411 | BP17: =_xlfn.NUMBERVALUE(MID(Table1[[#This Row],[CI_95perc_FWER]],FIND(",",Table1[[#This Row],[CI_95perc_FWER]])+1,LEN(Table1[[#This Row],[CI_95perc_FWER]])-FIND(",",Table1[[#This Row],[CI_95perc_FWER]])-1)) -> 0.02591 | BQ17: =_xlfn.CONCAT("(",TEXT(Table1[[#This Row],[LCL_Disj.Pow%]],"0.00%"), ", ",TEXT(Table1[[#This Row],[UCL_Disj.Pow%]],"0.00%"),")") -> (0.00%, 0.00%) | BR17: =_xlfn.CONCAT("(",TEXT(Table1[[#This Row],[LCL_Conj.Pow%]],"0.00%"),", ",TEXT(Table1[[#This Row],[UCL_Conj.Pow%]],"0.00%"),")") -> (0.00%, 0.00%) | BS17: =_xlfn.CONCAT("(",TEXT(Table1[[#This Row],[LCL_FWER%]],"0.00%"),", ",TEXT(Table1[[#This Row],[UCL_FWER%]],"0.00%"),")") -> (2.41%, 2.59%)
A18: 16 | B18: Fut=0.25,N=3000,CumStat | C18: 6534 | D18: 0.01943855 | E18: 0 | F18: 0 | G18: 0.01943855 | H18: (0.01857,0.02031) | I18: (0,0) | J18: (0,0) | K18: (0.01857,0.02031) | L18: 37342 | M18: 0.00185,0.0171 | N18: 1.0549553 | O18: >>> | P18: CER | Q18: 2000 | R18: 0.025 | S18: NA | T18: NA | U18: UnPooled | V18: None | W18: 3 | X18: 2 | Y18: list('EP1' = 'Binary', 'EP2' = 'Binary') | Z18: NA | AA18: NA | AB18: list('EP1' = c(0.4, 0.4, 0.4), 'EP2' = c(0.5, 0.5, 0.5)) | AC18: c(1,1,1) | AD18: matrix(c(1, 0.5, 0.5, 1), nrow = nEps) # c(1) | AE18: c(rep(1/4, 4)) | AF18: rbind(H1=c(0, 1/3, 1/3, 1/3), H2=c(1/3, 0, 1/3, 1/3), H3=c(1/3, 1/3, 0, 1/3), H4=c(1/3, 1/3, 1/3, 0)) | AG18: Partly-Parametric | AH18: c(0.5, 1) | AI18: asOF | AJ18: FALSE | AK18: TRUE | AL18: 1 | AM18: 1 | AN18: pvalue | AO18: threshold | AP18: 0.25 | AQ18: TRUE | AR18: Selection | AS18: 20000 | AT18: 2000 | AU18: 6534 | AV18: TRUE | AW18: FALSE | AX18: TRUE | AY18: TRUE | AZ18: NA | BA18: =INDEX(Inp_CER_Bin_2eps3arms!$AN$2:$AN$176,MATCH(Table1[[#This Row],[ModelID]],Inp_CER_Bin_2eps3arms!$A$2:$A$176,0)) -> 0 | BB18: NA | BC18: Aggressive | BD18: S0 | BE18: =Table1[[#This Row],[Global.Power]] -> 0.01943855 | BF18: =Table1[[#This Row],[Conjunctive.Power]] -> 0 | BG18: =Table1[[#This Row],[Disjunctive.Power]] -> 0 | BH18: =Table1[[#This Row],[FWER]] -> 0.01943855 | BI18: =_xlfn.NUMBERVALUE(MID(Table1[[#This Row],[CI_95perc_Global.Power]],2,FIND(",",Table1[[#This Row],[CI_95perc_Global.Power]])-2)) -> 0.01857 | BJ18: =_xlfn.NUMBERVALUE(MID(Table1[[#This Row],[CI_95perc_Global.Power]],FIND(",",Table1[[#This Row],[CI_95perc_Global.Power]])+1,LEN(Table1[[#This Row],[CI_95perc_Global.Power]])-FIND(",",Table1[[#This Row],[CI_95perc_Global.Power]])-1)) -> 0.02031 | BK18: =_xlfn.NUMBERVALUE(MID(Table1[[#This Row],[CI_95perc_Conjunctive.Power]],2,FIND(",",Table1[[#This Row],[CI_95perc_Conjunctive.Power]])-2)) -> 0 | BL18: =_xlfn.NUMBERVALUE(MID(Table1[[#This Row],[CI_95perc_Conjunctive.Power]],FIND(",",Table1[[#This Row],[CI_95perc_Conjunctive.Power]])+1,LEN(Table1[[#This Row],[CI_95perc_Conjunctive.Power]])-FIND(",",Table1[[#This Row],[CI_95perc_Conjunctive.Power]])-1)) -> 0 | BM18: =_xlfn.NUMBERVALUE(MID(Table1[[#This Row],[CI_95perc_Disjunctive.Power]],2,FIND(",",Table1[[#This Row],[CI_95perc_Disjunctive.Power]])-2)) -> 0 | BN18: =_xlfn.NUMBERVALUE(MID(Table1[[#This Row],[CI_95perc_Disjunctive.Power]],FIND(",",Table1[[#This Row],[CI_95perc_Disjunctive.Power]])+1,LEN(Table1[[#This Row],[CI_95perc_Disjunctive.Power]])-FIND(",",Table1[[#This Row],[CI_95perc_Disjunctive.Power]])-1)) -> 0 | BO18: =_xlfn.NUMBERVALUE(MID(Table1[[#This Row],[CI_95perc_FWER]],2,FIND(",",Table1[[#This Row],[CI_95perc_FWER]])-2)) -> 0.01857 | BP18: =_xlfn.NUMBERVALUE(MID(Table1[[#This Row],[CI_95perc_FWER]],FIND(",",Table1[[#This Row],[CI_95perc_FWER]])+1,LEN(Table1[[#This Row],[CI_95perc_FWER]])-FIND(",",Table1[[#This Row],[CI_95perc_FWER]])-1)) -> 0.02031 | BQ18: =_xlfn.CONCAT("(",TEXT(Table1[[#This Row],[LCL_Disj.Pow%]],"0.00%"), ", ",TEXT(Table1[[#This Row],[UCL_Disj.Pow%]],"0.00%"),")") -> (0.00%, 0.00%) | BR18: =_xlfn.CONCAT("(",TEXT(Table1[[#This Row],[LCL_Conj.Pow%]],"0.00%"),", ",TEXT(Table1[[#This Row],[UCL_Conj.Pow%]],"0.00%"),")") -> (0.00%, 0.00%) | BS18: =_xlfn.CONCAT("(",TEXT(Table1[[#This Row],[LCL_FWER%]],"0.00%"),", ",TEXT(Table1[[#This Row],[UCL_FWER%]],"0.00%"),")") -> (1.86%, 2.03%)
A19: 17 | B19: Best=1,N=3000,CumStat | C19: 6534 | D19: 0.0222105 | E19: 0 | F19: 0 | G19: 0.0222105 | H19: (0.02135,0.02307) | I19: (0,0) | J19: (0,0) | K19: (0.02135,0.02307) | L19: 37399 | M19: 0.00185,0.01995 | N19: 2.441427 | O19: >>> | P19: CER | Q19: 2000 | R19: 0.025 | S19: NA | T19: NA | U19: UnPooled | V19: None | W19: 3 | X19: 2 | Y19: list('EP1' = 'Binary', 'EP2' = 'Binary') | Z19: NA | AA19: NA | AB19: list('EP1' = c(0.4, 0.4, 0.4), 'EP2' = c(0.5, 0.5, 0.5)) | AC19: c(1,1,1) | AD19: matrix(c(1, 0.5, 0.5, 1), nrow = nEps) # c(1) | AE19: c(rep(1/4, 4)) | AF19: rbind(H1=c(0, 1/3, 1/3, 1/3), H2=c(1/3, 0, 1/3, 1/3), H3=c(1/3, 1/3, 0, 1/3), H4=c(1/3, 1/3, 1/3, 0)) | AG19: Partly-Parametric | AH19: c(0.5, 1) | AI19: asOF | AJ19: FALSE | AK19: TRUE | AL19: 1 | AM19: 1 | AN19: pvalue | AO19: best | AP19: 1 | AQ19: TRUE | AR19: Selection | AS19: 20000 | AT19: 2000 | AU19: 6534 | AV19: TRUE | AW19: FALSE | AX19: TRUE | AY19: TRUE | AZ19: NA | BA19: =INDEX(Inp_CER_Bin_2eps3arms!$AN$2:$AN$176,MATCH(Table1[[#This Row],[ModelID]],Inp_CER_Bin_2eps3arms!$A$2:$A$176,0)) -> 0 | BB19: NA | BC19: Ultra Aggressive | BD19: S0 | BE19: =Table1[[#This Row],[Global.Power]] -> 0.0222105 | BF19: =Table1[[#This Row],[Conjunctive.Power]] -> 0 | BG19: =Table1[[#This Row],[Disjunctive.Power]] -> 0 | BH19: =Table1[[#This Row],[FWER]] -> 0.0222105 | BI19: =_xlfn.NUMBERVALUE(MID(Table1[[#This Row],[CI_95perc_Global.Power]],2,FIND(",",Table1[[#This Row],[CI_95perc_Global.Power]])-2)) -> 0.02135 | BJ19: =_xlfn.NUMBERVALUE(MID(Table1[[#This Row],[CI_95perc_Global.Power]],FIND(",",Table1[[#This Row],[CI_95perc_Global.Power]])+1,LEN(Table1[[#This Row],[CI_95perc_Global.Power]])-FIND(",",Table1[[#This Row],[CI_95perc_Global.Power]])-1)) -> 0.02307 | BK19: =_xlfn.NUMBERVALUE(MID(Table1[[#This Row],[CI_95perc_Conjunctive.Power]],2,FIND(",",Table1[[#This Row],[CI_95perc_Conjunctive.Power]])-2)) -> 0 | BL19: =_xlfn.NUMBERVALUE(MID(Table1[[#This Row],[CI_95perc_Conjunctive.Power]],FIND(",",Table1[[#This Row],[CI_95perc_Conjunctive.Power]])+1,LEN(Table1[[#This Row],[CI_95perc_Conjunctive.Power]])-FIND(",",Table1[[#This Row],[CI_95perc_Conjunctive.Power]])-1)) -> 0 | BM19: =_xlfn.NUMBERVALUE(MID(Table1[[#This Row],[CI_95perc_Disjunctive.Power]],2,FIND(",",Table1[[#This Row],[CI_95perc_Disjunctive.Power]])-2)) -> 0 | BN19: =_xlfn.NUMBERVALUE(MID(Table1[[#This Row],[CI_95perc_Disjunctive.Power]],FIND(",",Table1[[#This Row],[CI_95perc_Disjunctive.Power]])+1,LEN(Table1[[#This Row],[CI_95perc_Disjunctive.Power]])-FIND(",",Table1[[#This Row],[CI_95perc_Disjunctive.Power]])-1)) -> 0 | BO19: =_xlfn.NUMBERVALUE(MID(Table1[[#This Row],[CI_95perc_FWER]],2,FIND(",",Table1[[#This Row],[CI_95perc_FWER]])-2)) -> 0.02135 | BP19: =_xlfn.NUMBERVALUE(MID(Table1[[#This Row],[CI_95perc_FWER]],FIND(",",Table1[[#This Row],[CI_95perc_FWER]])+1,LEN(Table1[[#This Row],[CI_95perc_FWER]])-FIND(",",Table1[[#This Row],[CI_95perc_FWER]])-1)) -> 0.02307 | BQ19: =_xlfn.CONCAT("(",TEXT(Table1[[#This Row],[LCL_Disj.Pow%]],"0.00%"), ", ",TEXT(Table1[[#This Row],[UCL_Disj.Pow%]],"0.00%"),")") -> (0.00%, 0.00%) | BR19: =_xlfn.CONCAT("(",TEXT(Table1[[#This Row],[LCL_Conj.Pow%]],"0.00%"),", ",TEXT(Table1[[#This Row],[UCL_Conj.Pow%]],"0.00%"),")") -> (0.00%, 0.00%) | BS19: =_xlfn.CONCAT("(",TEXT(Table1[[#This Row],[LCL_FWER%]],"0.00%"),", ",TEXT(Table1[[#This Row],[UCL_FWER%]],"0.00%"),")") -> (2.14%, 2.31%)
A20: 18 | B20: S0, No drop, No CC, CPV | C20: 5873 | D20: 0.0091 | E20: 0 | F20: 0 | G20: 0.0091 | H20: (0.00778,0.01042) | I20: (0,0) | J20: (0,0) | K20: (0.00778,0.01042) | L20: 24158 | M20: 0.0012,0.0079 | N20: 0.10617722 | O20: >>> | P20: CombPValue | Q20: 2000 | R20: 0.025 | S20: NA | T20: NA | U20: UnPooled | V20: CombinationTest | W20: 5 | X20: 2 | Y20: list(EP1 = "Binary", EP2 = "Binary") | Z20: NA | AA20: NA | AB20: list(EP1 = c(0.22, 0.22, 0.22, 0.22, 0.22), EP2 = c(0.1, 0.1, 0.1, 0.1, 0.1)) | AC20: c(1,1,1,1,1) | AD20: matrix(c(1, 0.5, 0.5, 1), byrow = T, nrow = 2) | AE20: c(0.25,0.25,0.25,0.25, 0, 0, 0, 0) | AF20: matrix(c(0,1/12,1/12,1/12,3/4,0,0,0, 1/12,0,1/12,1/12,0,3/4,0,0, 1/12,1/12,0,1/12,0,0,3/4,0, 1/12,1/12,1/12,0,0,0,0,3/4, 0,1/3,1/3,1/3,0,0,0,0, 1/3,0,1/3,1/3,0,0,0,0, 1/3,1/3,0,1/3,0,0,0,0, 1/3,1/3,1/3,0,0,0,0,0), nrow = nEps*(nArms-1), byrow = T) | AG20: Partly-Parametric | AH20: c(0.5, 1) | AI20: asOF | AJ20: TRUE | AK20: FALSE | AL20: NA | AM20: NA | AN20: NA | AO20: NA | AP20: NA | AQ20: NA | AR20: None | AS20: 20000 | AT20: 500 | AU20: Random | AV20: FALSE | AW20: FALSE | AX20: TRUE | AY20: FALSE | AZ20: FALSE | BA20: =INDEX(Inp_CER_Bin_2eps3arms!$AN$2:$AN$176,MATCH(Table1[[#This Row],[ModelID]],Inp_CER_Bin_2eps3arms!$A$2:$A$176,0)) -> 0 | BB20: NA | BC20: No drop | BD20: S0 | BE20: =Table1[[#This Row],[Global.Power]] -> 0.0091 | BF20: =Table1[[#This Row],[Conjunctive.Power]] -> 0 | BG20: =Table1[[#This Row],[Disjunctive.Power]] -> 0 | BH20: =Table1[[#This Row],[FWER]] -> 0.0091 | BI20: =_xlfn.NUMBERVALUE(MID(Table1[[#This Row],[CI_95perc_Global.Power]],2,FIND(",",Table1[[#This Row],[CI_95perc_Global.Power]])-2)) -> 0.00778 | BJ20: =_xlfn.NUMBERVALUE(MID(Table1[[#This Row],[CI_95perc_Global.Power]],FIND(",",Table1[[#This Row],[CI_95perc_Global.Power]])+1,LEN(Table1[[#This Row],[CI_95perc_Global.Power]])-FIND(",",Table1[[#This Row],[CI_95perc_Global.Power]])-1)) -> 0.01042 | BK20: =_xlfn.NUMBERVALUE(MID(Table1[[#This Row],[CI_95perc_Conjunctive.Power]],2,FIND(",",Table1[[#This Row],[CI_95perc_Conjunctive.Power]])-2)) -> 0 | BL20: =_xlfn.NUMBERVALUE(MID(Table1[[#This Row],[CI_95perc_Conjunctive.Power]],FIND(",",Table1[[#This Row],[CI_95perc_Conjunctive.Power]])+1,LEN(Table1[[#This Row],[CI_95perc_Conjunctive.Power]])-FIND(",",Table1[[#This Row],[CI_95perc_Conjunctive.Power]])-1)) -> 0 | BM20: =_xlfn.NUMBERVALUE(MID(Table1[[#This Row],[CI_95perc_Disjunctive.Power]],2,FIND(",",Table1[[#This Row],[CI_95perc_Disjunctive.Power]])-2)) -> 0 | BN20: =_xlfn.NUMBERVALUE(MID(Table1[[#This Row],[CI_95perc_Disjunctive.Power]],FIND(",",Table1[[#This Row],[CI_95perc_Disjunctive.Power]])+1,LEN(Table1[[#This Row],[CI_95perc_Disjunctive.Power]])-FIND(",",Table1[[#This Row],[CI_95perc_Disjunctive.Power]])-1)) -> 0 | BO20: =_xlfn.NUMBERVALUE(MID(Table1[[#This Row],[CI_95perc_FWER]],2,FIND(",",Table1[[#This Row],[CI_95perc_FWER]])-2)) -> 0.00778 | BP20: =_xlfn.NUMBERVALUE(MID(Table1[[#This Row],[CI_95perc_FWER]],FIND(",",Table1[[#This Row],[CI_95perc_FWER]])+1,LEN(Table1[[#This Row],[CI_95perc_FWER]])-FIND(",",Table1[[#This Row],[CI_95perc_FWER]])-1)) -> 0.01042 | BQ20: =_xlfn.CONCAT("(",TEXT(Table1[[#This Row],[LCL_Disj.Pow%]],"0.00%"), ", ",TEXT(Table1[[#This Row],[UCL_Disj.Pow%]],"0.00%"),")") -> (0.00%, 0.00%) | BR20: =_xlfn.CONCAT("(",TEXT(Table1[[#This Row],[LCL_Conj.Pow%]],"0.00%"),", ",TEXT(Table1[[#This Row],[UCL_Conj.Pow%]],"0.00%"),")") -> (0.00%, 0.00%) | BS20: =_xlfn.CONCAT("(",TEXT(Table1[[#This Row],[LCL_FWER%]],"0.00%"),", ",TEXT(Table1[[#This Row],[UCL_FWER%]],"0.00%"),")") -> (0.78%, 1.04%)
A21: 19 | B21: S0, No drop, No CC, CER | C21: 4140 | D21: 0.0226615 | E21: 0 | F21: 0 | G21: 0.0226615 | H21: (0.02183,0.02349) | I21: (0,0) | J21: (0,0) | K21: (0.02183,0.02349) | L21: 25403 | M21: 0.00125,0.02015 | N21: 1.3499648 | O21: >>> | P21: CER | Q21: 2000 | R21: 0.025 | S21: NA | T21: NA | U21: UnPooled | V21: CombinationTest | W21: 5 | X21: 2 | Y21: list(EP1 = "Binary", EP2 = "Binary") | Z21: NA | AA21: NA | AB21: list(EP1 = c(0.22, 0.22, 0.22, 0.22, 0.22), EP2 = c(0.1, 0.1, 0.1, 0.1, 0.1)) | AC21: c(1,1,1,1,1) | AD21: matrix(c(1, 0.5, 0.5, 1), byrow = T, nrow = 2) | AE21: c(0.25,0.25,0.25,0.25, 0, 0, 0, 0) | AF21: matrix(c(0,1/12,1/12,1/12,3/4,0,0,0, 1/12,0,1/12,1/12,0,3/4,0,0, 1/12,1/12,0,1/12,0,0,3/4,0, 1/12,1/12,1/12,0,0,0,0,3/4, 0,1/3,1/3,1/3,0,0,0,0, 1/3,0,1/3,1/3,0,0,0,0, 1/3,1/3,0,1/3,0,0,0,0, 1/3,1/3,1/3,0,0,0,0,0), nrow = nEps*(nArms-1), byrow = T) | AG21: Partly-Parametric | AH21: c(0.5, 1) | AI21: asOF | AJ21: TRUE | AK21: FALSE | AL21: NA | AM21: NA | AN21: NA | AO21: NA | AP21: NA | AQ21: NA | AR21: None | AS21: 20000 | AT21: 500 | AU21: Random | AV21: FALSE | AW21: FALSE | AX21: TRUE | AY21: FALSE | AZ21: FALSE | BA21: =INDEX(Inp_CER_Bin_2eps3arms!$AN$2:$AN$176,MATCH(Table1[[#This Row],[ModelID]],Inp_CER_Bin_2eps3arms!$A$2:$A$176,0)) -> 0 | BB21: NA | BC21: No drop | BD21: S0 | BE21: =Table1[[#This Row],[Global.Power]] -> 0.0226615 | BF21: =Table1[[#This Row],[Conjunctive.Power]] -> 0 | BG21: =Table1[[#This Row],[Disjunctive.Power]] -> 0 | BH21: =Table1[[#This Row],[FWER]] -> 0.0226615 | BI21: =_xlfn.NUMBERVALUE(MID(Table1[[#This Row],[CI_95perc_Global.Power]],2,FIND(",",Table1[[#This Row],[CI_95perc_Global.Power]])-2)) -> 0.02183 | BJ21: =_xlfn.NUMBERVALUE(MID(Table1[[#This Row],[CI_95perc_Global.Power]],FIND(",",Table1[[#This Row],[CI_95perc_Global.Power]])+1,LEN(Table1[[#This Row],[CI_95perc_Global.Power]])-FIND(",",Table1[[#This Row],[CI_95perc_Global.Power]])-1)) -> 0.02349 | BK21: =_xlfn.NUMBERVALUE(MID(Table1[[#This Row],[CI_95perc_Conjunctive.Power]],2,FIND(",",Table1[[#This Row],[CI_95perc_Conjunctive.Power]])-2)) -> 0 | BL21: =_xlfn.NUMBERVALUE(MID(Table1[[#This Row],[CI_95perc_Conjunctive.Power]],FIND(",",Table1[[#This Row],[CI_95perc_Conjunctive.Power]])+1,LEN(Table1[[#This Row],[CI_95perc_Conjunctive.Power]])-FIND(",",Table1[[#This Row],[CI_95perc_Conjunctive.Power]])-1)) -> 0 | BM21: =_xlfn.NUMBERVALUE(MID(Table1[[#This Row],[CI_95perc_Disjunctive.Power]],2,FIND(",",Table1[[#This Row],[CI_95perc_Disjunctive.Power]])-2)) -> 0 | BN21: =_xlfn.NUMBERVALUE(MID(Table1[[#This Row],[CI_95perc_Disjunctive.Power]],FIND(",",Table1[[#This Row],[CI_95perc_Disjunctive.Power]])+1,LEN(Table1[[#This Row],[CI_95perc_Disjunctive.Power]])-FIND(",",Table1[[#This Row],[CI_95perc_Disjunctive.Power]])-1)) -> 0 | BO21: =_xlfn.NUMBERVALUE(MID(Table1[[#This Row],[CI_95perc_FWER]],2,FIND(",",Table1[[#This Row],[CI_95perc_FWER]])-2)) -> 0.02183 | BP21: =_xlfn.NUMBERVALUE(MID(Table1[[#This Row],[CI_95perc_FWER]],FIND(",",Table1[[#This Row],[CI_95perc_FWER]])+1,LEN(Table1[[#This Row],[CI_95perc_FWER]])-FIND(",",Table1[[#This Row],[CI_95perc_FWER]])-1)) -> 0.02349 | BQ21: =_xlfn.CONCAT("(",TEXT(Table1[[#This Row],[LCL_Disj.Pow%]],"0.00%"), ", ",TEXT(Table1[[#This Row],[UCL_Disj.Pow%]],"0.00%"),")") -> (0.00%, 0.00%) | BR21: =_xlfn.CONCAT("(",TEXT(Table1[[#This Row],[LCL_Conj.Pow%]],"0.00%"),", ",TEXT(Table1[[#This Row],[UCL_Conj.Pow%]],"0.00%"),")") -> (0.00%, 0.00%) | BS21: =_xlfn.CONCAT("(",TEXT(Table1[[#This Row],[LCL_FWER%]],"0.00%"),", ",TEXT(Table1[[#This Row],[UCL_FWER%]],"0.00%"),")") -> (2.18%, 2.35%)
A22: 20 | B22: S0, Conservative, No CC, CPV | C22: 90 | D22: 0.0088 | E22: 0 | F22: 0 | G22: 0.0088 | H22: (0.00751,0.01009) | I22: (0,0) | J22: (0,0) | K22: (0.00751,0.01009) | L22: 24152 | M22: 0.0012,0.0076 | N22: 0.097848201 | O22: >>> | P22: CombPValue | Q22: 2000 | R22: 0.025 | S22: NA | T22: NA | U22: UnPooled | V22: CombinationTest | W22: 5 | X22: 2 | Y22: list(EP1 = "Binary", EP2 = "Binary") | Z22: NA | AA22: NA | AB22: list(EP1 = c(0.22, 0.22, 0.22, 0.22, 0.22), EP2 = c(0.1, 0.1, 0.1, 0.1, 0.1)) | AC22: c(1,1,1,1,1) | AD22: matrix(c(1,0.5,0.5,1),nrow = 2) | AE22: c(0.25,0.25,0.25,0.25, 0, 0, 0, 0) | AF22: matrix(c(0,1/12,1/12,1/12,3/4,0,0,0, 1/12,0,1/12,1/12,0,3/4,0,0, 1/12,1/12,0,1/12,0,0,3/4,0, 1/12,1/12,1/12,0,0,0,0,3/4, 0,1/3,1/3,1/3,0,0,0,0, 1/3,0,1/3,1/3,0,0,0,0, 1/3,1/3,0,1/3,0,0,0,0, 1/3,1/3,1/3,0,0,0,0,0), nrow = nEps*(nArms-1), byrow = T) | AG22: Partly-Parametric | AH22: c(1/2,1) | AI22: asOF | AJ22: TRUE | AK22: TRUE | AL22: 1 | AM22: 1 | AN22: pvalue | AO22: threshold | AP22: 0.75 | AQ22: TRUE | AR22: Selection | AS22: 20000 | AT22: 500 | AU22: Random | AV22: FALSE | AW22: FALSE | AX22: TRUE | AY22: FALSE | AZ22: FALSE | BA22: =INDEX(Inp_CER_Bin_2eps3arms!$AN$2:$AN$176,MATCH(Table1[[#This Row],[ModelID]],Inp_CER_Bin_2eps3arms!$A$2:$A$176,0)) -> 0 | BB22: NA | BC22: Conservative | BD22: S0 | BE22: =Table1[[#This Row],[Global.Power]] -> 0.0088 | BF22: =Table1[[#This Row],[Conjunctive.Power]] -> 0 | BG22: =Table1[[#This Row],[Disjunctive.Power]] -> 0 | BH22: =Table1[[#This Row],[FWER]] -> 0.0088 | BI22: =_xlfn.NUMBERVALUE(MID(Table1[[#This Row],[CI_95perc_Global.Power]],2,FIND(",",Table1[[#This Row],[CI_95perc_Global.Power]])-2)) -> 0.00751 | BJ22: =_xlfn.NUMBERVALUE(MID(Table1[[#This Row],[CI_95perc_Global.Power]],FIND(",",Table1[[#This Row],[CI_95perc_Global.Power]])+1,LEN(Table1[[#This Row],[CI_95perc_Global.Power]])-FIND(",",Table1[[#This Row],[CI_95perc_Global.Power]])-1)) -> 0.01009 | BK22: =_xlfn.NUMBERVALUE(MID(Table1[[#This Row],[CI_95perc_Conjunctive.Power]],2,FIND(",",Table1[[#This Row],[CI_95perc_Conjunctive.Power]])-2)) -> 0 | BL22: =_xlfn.NUMBERVALUE(MID(Table1[[#This Row],[CI_95perc_Conjunctive.Power]],FIND(",",Table1[[#This Row],[CI_95perc_Conjunctive.Power]])+1,LEN(Table1[[#This Row],[CI_95perc_Conjunctive.Power]])-FIND(",",Table1[[#This Row],[CI_95perc_Conjunctive.Power]])-1)) -> 0 | BM22: =_xlfn.NUMBERVALUE(MID(Table1[[#This Row],[CI_95perc_Disjunctive.Power]],2,FIND(",",Table1[[#This Row],[CI_95perc_Disjunctive.Power]])-2)) -> 0 | BN22: =_xlfn.NUMBERVALUE(MID(Table1[[#This Row],[CI_95perc_Disjunctive.Power]],FIND(",",Table1[[#This Row],[CI_95perc_Disjunctive.Power]])+1,LEN(Table1[[#This Row],[CI_95perc_Disjunctive.Power]])-FIND(",",Table1[[#This Row],[CI_95perc_Disjunctive.Power]])-1)) -> 0 | BO22: =_xlfn.NUMBERVALUE(MID(Table1[[#This Row],[CI_95perc_FWER]],2,FIND(",",Table1[[#This Row],[CI_95perc_FWER]])-2)) -> 0.00751 | BP22: =_xlfn.NUMBERVALUE(MID(Table1[[#This Row],[CI_95perc_FWER]],FIND(",",Table1[[#This Row],[CI_95perc_FWER]])+1,LEN(Table1[[#This Row],[CI_95perc_FWER]])-FIND(",",Table1[[#This Row],[CI_95perc_FWER]])-1)) -> 0.01009 | BQ22: =_xlfn.CONCAT("(",TEXT(Table1[[#This Row],[LCL_Disj.Pow%]],"0.00%"), ", ",TEXT(Table1[[#This Row],[UCL_Disj.Pow%]],"0.00%"),")") -> (0.00%, 0.00%) | BR22: =_xlfn.CONCAT("(",TEXT(Table1[[#This Row],[LCL_Conj.Pow%]],"0.00%"),", ",TEXT(Table1[[#This Row],[UCL_Conj.Pow%]],"0.00%"),")") -> (0.00%, 0.00%) | BS22: =_xlfn.CONCAT("(",TEXT(Table1[[#This Row],[LCL_FWER%]],"0.00%"),", ",TEXT(Table1[[#This Row],[UCL_FWER%]],"0.00%"),")") -> (0.75%, 1.01%)
A23: 21 | B23: S0, Conservative, No CC, CER | C23: 9325 | D23: 0.0227728 | E23: 0 | F23: 0 | G23: 0.0227728 | H23: (0.02192,0.02362) | I23: (0,0) | J23: (0,0) | K23: (0.02192,0.02362) | L23: 29410 | M23: 0.00145,0.0205 | N23: 1.0704054 | O23: >>> | P23: CER | Q23: 2000 | R23: 0.025 | S23: NA | T23: NA | U23: UnPooled | V23: CombinationTest | W23: 5 | X23: 2 | Y23: list(EP1 = "Binary", EP2 = "Binary") | Z23: NA | AA23: NA | AB23: list(EP1 = c(0.22, 0.22, 0.22, 0.22, 0.22), EP2 = c(0.1, 0.1, 0.1, 0.1, 0.1)) | AC23: c(1,1,1,1,1) | AD23: matrix(c(1,0.5,0.5,1),nrow = 2) | AE23: c(0.25,0.25,0.25,0.25, 0, 0, 0, 0) | AF23: matrix(c(0,1/12,1/12,1/12,3/4,0,0,0, 1/12,0,1/12,1/12,0,3/4,0,0, 1/12,1/12,0,1/12,0,0,3/4,0, 1/12,1/12,1/12,0,0,0,0,3/4, 0,1/3,1/3,1/3,0,0,0,0, 1/3,0,1/3,1/3,0,0,0,0, 1/3,1/3,0,1/3,0,0,0,0, 1/3,1/3,1/3,0,0,0,0,0), nrow = nEps*(nArms-1), byrow = T) | AG23: Partly-Parametric | AH23: c(1/2,1) | AI23: asOF | AJ23: TRUE | AK23: TRUE | AL23: 1 | AM23: 1 | AN23: pvalue | AO23: threshold | AP23: 0.75 | AQ23: TRUE | AR23: Selection | AS23: 20000 | AT23: 500 | AU23: Random | AV23: FALSE | AW23: FALSE | AX23: TRUE | AY23: FALSE | AZ23: FALSE | BA23: =INDEX(Inp_CER_Bin_2eps3arms!$AN$2:$AN$176,MATCH(Table1[[#This Row],[ModelID]],Inp_CER_Bin_2eps3arms!$A$2:$A$176,0)) -> 0 | BB23: NA | BC23: Conservative | BD23: S0 | BE23: =Table1[[#This Row],[Global.Power]] -> 0.0227728 | BF23: =Table1[[#This Row],[Conjunctive.Power]] -> 0 | BG23: =Table1[[#This Row],[Disjunctive.Power]] -> 0 | BH23: =Table1[[#This Row],[FWER]] -> 0.0227728 | BI23: =_xlfn.NUMBERVALUE(MID(Table1[[#This Row],[CI_95perc_Global.Power]],2,FIND(",",Table1[[#This Row],[CI_95perc_Global.Power]])-2)) -> 0.02192 | BJ23: =_xlfn.NUMBERVALUE(MID(Table1[[#This Row],[CI_95perc_Global.Power]],FIND(",",Table1[[#This Row],[CI_95perc_Global.Power]])+1,LEN(Table1[[#This Row],[CI_95perc_Global.Power]])-FIND(",",Table1[[#This Row],[CI_95perc_Global.Power]])-1)) -> 0.02362 | BK23: =_xlfn.NUMBERVALUE(MID(Table1[[#This Row],[CI_95perc_Conjunctive.Power]],2,FIND(",",Table1[[#This Row],[CI_95perc_Conjunctive.Power]])-2)) -> 0 | BL23: =_xlfn.NUMBERVALUE(MID(Table1[[#This Row],[CI_95perc_Conjunctive.Power]],FIND(",",Table1[[#This Row],[CI_95perc_Conjunctive.Power]])+1,LEN(Table1[[#This Row],[CI_95perc_Conjunctive.Power]])-FIND(",",Table1[[#This Row],[CI_95perc_Conjunctive.Power]])-1)) -> 0 | BM23: =_xlfn.NUMBERVALUE(MID(Table1[[#This Row],[CI_95perc_Disjunctive.Power]],2,FIND(",",Table1[[#This Row],[CI_95perc_Disjunctive.Power]])-2)) -> 0 | BN23: =_xlfn.NUMBERVALUE(MID(Table1[[#This Row],[CI_95perc_Disjunctive.Power]],FIND(",",Table1[[#This Row],[CI_95perc_Disjunctive.Power]])+1,LEN(Table1[[#This Row],[CI_95perc_Disjunctive.Power]])-FIND(",",Table1[[#This Row],[CI_95perc_Disjunctive.Power]])-1)) -> 0 | BO23: =_xlfn.NUMBERVALUE(MID(Table1[[#This Row],[CI_95perc_FWER]],2,FIND(",",Table1[[#This Row],[CI_95perc_FWER]])-2)) -> 0.02192 | BP23: =_xlfn.NUMBERVALUE(MID(Table1[[#This Row],[CI_95perc_FWER]],FIND(",",Table1[[#This Row],[CI_95perc_FWER]])+1,LEN(Table1[[#This Row],[CI_95perc_FWER]])-FIND(",",Table1[[#This Row],[CI_95perc_FWER]])-1)) -> 0.02362 | BQ23: =_xlfn.CONCAT("(",TEXT(Table1[[#This Row],[LCL_Disj.Pow%]],"0.00%"), ", ",TEXT(Table1[[#This Row],[UCL_Disj.Pow%]],"0.00%"),")") -> (0.00%, 0.00%) | BR23: =_xlfn.CONCAT("(",TEXT(Table1[[#This Row],[LCL_Conj.Pow%]],"0.00%"),", ",TEXT(Table1[[#This Row],[UCL_Conj.Pow%]],"0.00%"),")") -> (0.00%, 0.00%) | BS23: =_xlfn.CONCAT("(",TEXT(Table1[[#This Row],[LCL_FWER%]],"0.00%"),", ",TEXT(Table1[[#This Row],[UCL_FWER%]],"0.00%"),")") -> (2.19%, 2.36%)
A24: 22 | B24: S0, Normal, No CC, CPV | C24: 2036 | D24: 0.00935 | E24: 0 | F24: 0 | G24: 0.00935 | H24: (0.00802,0.01068) | I24: (0,0) | J24: (0,0) | K24: (0.00802,0.01068) | L24: 21166 | M24: 0.00105,0.0083 | N24: 0.087788381 | O24: >>> | P24: CombPValue | Q24: 2000 | R24: 0.025 | S24: NA | T24: NA | U24: UnPooled | V24: CombinationTest | W24: 5 | X24: 2 | Y24: list(EP1 = "Binary", EP2 = "Binary") | Z24: NA | AA24: NA | AB24: list(EP1 = c(0.22, 0.22, 0.22, 0.22, 0.22), EP2 = c(0.1, 0.1, 0.1, 0.1, 0.1)) | AC24: c(1,1,1,1,1) | AD24: matrix(c(1,0.5,0.5,1),nrow = 2) | AE24: c(0.25,0.25,0.25,0.25, 0, 0, 0, 0) | AF24: matrix(c(0,1/12,1/12,1/12,3/4,0,0,0, 1/12,0,1/12,1/12,0,3/4,0,0, 1/12,1/12,0,1/12,0,0,3/4,0, 1/12,1/12,1/12,0,0,0,0,3/4, 0,1/3,1/3,1/3,0,0,0,0, 1/3,0,1/3,1/3,0,0,0,0, 1/3,1/3,0,1/3,0,0,0,0, 1/3,1/3,1/3,0,0,0,0,0), nrow = nEps*(nArms-1), byrow = T) | AG24: Partly-Parametric | AH24: c(1/2,1) | AI24: asOF | AJ24: TRUE | AK24: TRUE | AL24: 1 | AM24: 1 | AN24: pvalue | AO24: threshold | AP24: 0.5 | AQ24: TRUE | AR24: Selection | AS24: 20000 | AT24: 500 | AU24: Random | AV24: FALSE | AW24: FALSE | AX24: TRUE | AY24: FALSE | AZ24: FALSE | BA24: =INDEX(Inp_CER_Bin_2eps3arms!$AN$2:$AN$176,MATCH(Table1[[#This Row],[ModelID]],Inp_CER_Bin_2eps3arms!$A$2:$A$176,0)) -> 0 | BB24: NA | BC24: Normal | BD24: S0 | BE24: =Table1[[#This Row],[Global.Power]] -> 0.00935 | BF24: =Table1[[#This Row],[Conjunctive.Power]] -> 0 | BG24: =Table1[[#This Row],[Disjunctive.Power]] -> 0 | BH24: =Table1[[#This Row],[FWER]] -> 0.00935 | BI24: =_xlfn.NUMBERVALUE(MID(Table1[[#This Row],[CI_95perc_Global.Power]],2,FIND(",",Table1[[#This Row],[CI_95perc_Global.Power]])-2)) -> 0.00802 | BJ24: =_xlfn.NUMBERVALUE(MID(Table1[[#This Row],[CI_95perc_Global.Power]],FIND(",",Table1[[#This Row],[CI_95perc_Global.Power]])+1,LEN(Table1[[#This Row],[CI_95perc_Global.Power]])-FIND(",",Table1[[#This Row],[CI_95perc_Global.Power]])-1)) -> 0.01068 | BK24: =_xlfn.NUMBERVALUE(MID(Table1[[#This Row],[CI_95perc_Conjunctive.Power]],2,FIND(",",Table1[[#This Row],[CI_95perc_Conjunctive.Power]])-2)) -> 0 | BL24: =_xlfn.NUMBERVALUE(MID(Table1[[#This Row],[CI_95perc_Conjunctive.Power]],FIND(",",Table1[[#This Row],[CI_95perc_Conjunctive.Power]])+1,LEN(Table1[[#This Row],[CI_95perc_Conjunctive.Power]])-FIND(",",Table1[[#This Row],[CI_95perc_Conjunctive.Power]])-1)) -> 0 | BM24: =_xlfn.NUMBERVALUE(MID(Table1[[#This Row],[CI_95perc_Disjunctive.Power]],2,FIND(",",Table1[[#This Row],[CI_95perc_Disjunctive.Power]])-2)) -> 0 | BN24: =_xlfn.NUMBERVALUE(MID(Table1[[#This Row],[CI_95perc_Disjunctive.Power]],FIND(",",Table1[[#This Row],[CI_95perc_Disjunctive.Power]])+1,LEN(Table1[[#This Row],[CI_95perc_Disjunctive.Power]])-FIND(",",Table1[[#This Row],[CI_95perc_Disjunctive.Power]])-1)) -> 0 | BO24: =_xlfn.NUMBERVALUE(MID(Table1[[#This Row],[CI_95perc_FWER]],2,FIND(",",Table1[[#This Row],[CI_95perc_FWER]])-2)) -> 0.00802 | BP24: =_xlfn.NUMBERVALUE(MID(Table1[[#This Row],[CI_95perc_FWER]],FIND(",",Table1[[#This Row],[CI_95perc_FWER]])+1,LEN(Table1[[#This Row],[CI_95perc_FWER]])-FIND(",",Table1[[#This Row],[CI_95perc_FWER]])-1)) -> 0.01068 | BQ24: =_xlfn.CONCAT("(",TEXT(Table1[[#This Row],[LCL_Disj.Pow%]],"0.00%"), ", ",TEXT(Table1[[#This Row],[UCL_Disj.Pow%]],"0.00%"),")") -> (0.00%, 0.00%) | BR24: =_xlfn.CONCAT("(",TEXT(Table1[[#This Row],[LCL_Conj.Pow%]],"0.00%"),", ",TEXT(Table1[[#This Row],[UCL_Conj.Pow%]],"0.00%"),")") -> (0.00%, 0.00%) | BS24: =_xlfn.CONCAT("(",TEXT(Table1[[#This Row],[LCL_FWER%]],"0.00%"),", ",TEXT(Table1[[#This Row],[UCL_FWER%]],"0.00%"),")") -> (0.80%, 1.07%)
A25: 23 | B25: S0, Normal, No CC, CER | C25: 3522 | D25: 0.0224879 | E25: 0 | F25: 0 | G25: 0.0224879 | H25: (0.02166,0.02332) | I25: (0,0) | J25: (0,0) | K25: (0.02166,0.02332) | L25: 24396 | M25: 0.0012,0.0198 | N25: 0.8528621 | O25: >>> | P25: CER | Q25: 2000 | R25: 0.025 | S25: NA | T25: NA | U25: UnPooled | V25: CombinationTest | W25: 5 | X25: 2 | Y25: list(EP1 = "Binary", EP2 = "Binary") | Z25: NA | AA25: NA | AB25: list(EP1 = c(0.22, 0.22, 0.22, 0.22, 0.22), EP2 = c(0.1, 0.1, 0.1, 0.1, 0.1)) | AC25: c(1,1,1,1,1) | AD25: matrix(c(1,0.5,0.5,1),nrow = 2) | AE25: c(0.25,0.25,0.25,0.25, 0, 0, 0, 0) | AF25: matrix(c(0,1/12,1/12,1/12,3/4,0,0,0, 1/12,0,1/12,1/12,0,3/4,0,0, 1/12,1/12,0,1/12,0,0,3/4,0, 1/12,1/12,1/12,0,0,0,0,3/4, 0,1/3,1/3,1/3,0,0,0,0, 1/3,0,1/3,1/3,0,0,0,0, 1/3,1/3,0,1/3,0,0,0,0, 1/3,1/3,1/3,0,0,0,0,0), nrow = nEps*(nArms-1), byrow = T) | AG25: Partly-Parametric | AH25: c(1/2,1) | AI25: asOF | AJ25: TRUE | AK25: TRUE | AL25: 1 | AM25: 1 | AN25: pvalue | AO25: threshold | AP25: 0.5 | AQ25: TRUE | AR25: Selection | AS25: 20000 | AT25: 500 | AU25: Random | AV25: FALSE | AW25: FALSE | AX25: TRUE | AY25: FALSE | AZ25: FALSE | BA25: =INDEX(Inp_CER_Bin_2eps3arms!$AN$2:$AN$176,MATCH(Table1[[#This Row],[ModelID]],Inp_CER_Bin_2eps3arms!$A$2:$A$176,0)) -> 0 | BB25: NA | BC25: Normal | BD25: S0 | BE25: =Table1[[#This Row],[Global.Power]] -> 0.0224879 | BF25: =Table1[[#This Row],[Conjunctive.Power]] -> 0 | BG25: =Table1[[#This Row],[Disjunctive.Power]] -> 0 | BH25: =Table1[[#This Row],[FWER]] -> 0.0224879 | BI25: =_xlfn.NUMBERVALUE(MID(Table1[[#This Row],[CI_95perc_Global.Power]],2,FIND(",",Table1[[#This Row],[CI_95perc_Global.Power]])-2)) -> 0.02166 | BJ25: =_xlfn.NUMBERVALUE(MID(Table1[[#This Row],[CI_95perc_Global.Power]],FIND(",",Table1[[#This Row],[CI_95perc_Global.Power]])+1,LEN(Table1[[#This Row],[CI_95perc_Global.Power]])-FIND(",",Table1[[#This Row],[CI_95perc_Global.Power]])-1)) -> 0.02332 | BK25: =_xlfn.NUMBERVALUE(MID(Table1[[#This Row],[CI_95perc_Conjunctive.Power]],2,FIND(",",Table1[[#This Row],[CI_95perc_Conjunctive.Power]])-2)) -> 0 | BL25: =_xlfn.NUMBERVALUE(MID(Table1[[#This Row],[CI_95perc_Conjunctive.Power]],FIND(",",Table1[[#This Row],[CI_95perc_Conjunctive.Power]])+1,LEN(Table1[[#This Row],[CI_95perc_Conjunctive.Power]])-FIND(",",Table1[[#This Row],[CI_95perc_Conjunctive.Power]])-1)) -> 0 | BM25: =_xlfn.NUMBERVALUE(MID(Table1[[#This Row],[CI_95perc_Disjunctive.Power]],2,FIND(",",Table1[[#This Row],[CI_95perc_Disjunctive.Power]])-2)) -> 0 | BN25: =_xlfn.NUMBERVALUE(MID(Table1[[#This Row],[CI_95perc_Disjunctive.Power]],FIND(",",Table1[[#This Row],[CI_95perc_Disjunctive.Power]])+1,LEN(Table1[[#This Row],[CI_95perc_Disjunctive.Power]])-FIND(",",Table1[[#This Row],[CI_95perc_Disjunctive.Power]])-1)) -> 0 | BO25: =_xlfn.NUMBERVALUE(MID(Table1[[#This Row],[CI_95perc_FWER]],2,FIND(",",Table1[[#This Row],[CI_95perc_FWER]])-2)) -> 0.02166 | BP25: =_xlfn.NUMBERVALUE(MID(Table1[[#This Row],[CI_95perc_FWER]],FIND(",",Table1[[#This Row],[CI_95perc_FWER]])+1,LEN(Table1[[#This Row],[CI_95perc_FWER]])-FIND(",",Table1[[#This Row],[CI_95perc_FWER]])-1)) -> 0.02332 | BQ25: =_xlfn.CONCAT("(",TEXT(Table1[[#This Row],[LCL_Disj.Pow%]],"0.00%"), ", ",TEXT(Table1[[#This Row],[UCL_Disj.Pow%]],"0.00%"),")") -> (0.00%, 0.00%) | BR25: =_xlfn.CONCAT("(",TEXT(Table1[[#This Row],[LCL_Conj.Pow%]],"0.00%"),", ",TEXT(Table1[[#This Row],[UCL_Conj.Pow%]],"0.00%"),")") -> (0.00%, 0.00%) | BS25: =_xlfn.CONCAT("(",TEXT(Table1[[#This Row],[LCL_FWER%]],"0.00%"),", ",TEXT(Table1[[#This Row],[UCL_FWER%]],"0.00%"),")") -> (2.17%, 2.33%)
A26: 24 | B26: S0, Aggressive, No CC, CPV | C26: 5962 | D26: 0.0122 | E26: 0 | F26: 0 | G26: 0.0122 | H26: (0.01068,0.01372) | I26: (0,0) | J26: (0,0) | K26: (0.01068,0.01372) | L26: 24220 | M26: 0.0012,0.011 | N26: 0.070987362 | O26: >>> | P26: CombPValue | Q26: 2000 | R26: 0.025 | S26: NA | T26: NA | U26: UnPooled | V26: CombinationTest | W26: 5 | X26: 2 | Y26: list(EP1 = "Binary", EP2 = "Binary") | Z26: NA | AA26: NA | AB26: list(EP1 = c(0.22, 0.22, 0.22, 0.22, 0.22), EP2 = c(0.1, 0.1, 0.1, 0.1, 0.1)) | AC26: c(1,1,1,1,1) | AD26: matrix(c(1,0.5,0.5,1),nrow = 2) | AE26: c(0.25,0.25,0.25,0.25, 0, 0, 0, 0) | AF26: matrix(c(0,1/12,1/12,1/12,3/4,0,0,0, 1/12,0,1/12,1/12,0,3/4,0,0, 1/12,1/12,0,1/12,0,0,3/4,0, 1/12,1/12,1/12,0,0,0,0,3/4, 0,1/3,1/3,1/3,0,0,0,0, 1/3,0,1/3,1/3,0,0,0,0, 1/3,1/3,0,1/3,0,0,0,0, 1/3,1/3,1/3,0,0,0,0,0), nrow = nEps*(nArms-1), byrow = T) | AG26: Partly-Parametric | AH26: c(1/2,1) | AI26: asOF | AJ26: TRUE | AK26: TRUE | AL26: 1 | AM26: 1 | AN26: pvalue | AO26: threshold | AP26: 0.25 | AQ26: TRUE | AR26: Selection | AS26: 20000 | AT26: 500 | AU26: Random | AV26: FALSE | AW26: FALSE | AX26: TRUE | AY26: FALSE | AZ26: FALSE | BA26: =INDEX(Inp_CER_Bin_2eps3arms!$AN$2:$AN$176,MATCH(Table1[[#This Row],[ModelID]],Inp_CER_Bin_2eps3arms!$A$2:$A$176,0)) -> 0 | BB26: NA | BC26: Aggressive | BD26: S0 | BE26: =Table1[[#This Row],[Global.Power]] -> 0.0122 | BF26: =Table1[[#This Row],[Conjunctive.Power]] -> 0 | BG26: =Table1[[#This Row],[Disjunctive.Power]] -> 0 | BH26: =Table1[[#This Row],[FWER]] -> 0.0122 | BI26: =_xlfn.NUMBERVALUE(MID(Table1[[#This Row],[CI_95perc_Global.Power]],2,FIND(",",Table1[[#This Row],[CI_95perc_Global.Power]])-2)) -> 0.01068 | BJ26: =_xlfn.NUMBERVALUE(MID(Table1[[#This Row],[CI_95perc_Global.Power]],FIND(",",Table1[[#This Row],[CI_95perc_Global.Power]])+1,LEN(Table1[[#This Row],[CI_95perc_Global.Power]])-FIND(",",Table1[[#This Row],[CI_95perc_Global.Power]])-1)) -> 0.01372 | BK26: =_xlfn.NUMBERVALUE(MID(Table1[[#This Row],[CI_95perc_Conjunctive.Power]],2,FIND(",",Table1[[#This Row],[CI_95perc_Conjunctive.Power]])-2)) -> 0 | BL26: =_xlfn.NUMBERVALUE(MID(Table1[[#This Row],[CI_95perc_Conjunctive.Power]],FIND(",",Table1[[#This Row],[CI_95perc_Conjunctive.Power]])+1,LEN(Table1[[#This Row],[CI_95perc_Conjunctive.Power]])-FIND(",",Table1[[#This Row],[CI_95perc_Conjunctive.Power]])-1)) -> 0 | BM26: =_xlfn.NUMBERVALUE(MID(Table1[[#This Row],[CI_95perc_Disjunctive.Power]],2,FIND(",",Table1[[#This Row],[CI_95perc_Disjunctive.Power]])-2)) -> 0 | BN26: =_xlfn.NUMBERVALUE(MID(Table1[[#This Row],[CI_95perc_Disjunctive.Power]],FIND(",",Table1[[#This Row],[CI_95perc_Disjunctive.Power]])+1,LEN(Table1[[#This Row],[CI_95perc_Disjunctive.Power]])-FIND(",",Table1[[#This Row],[CI_95perc_Disjunctive.Power]])-1)) -> 0 | BO26: =_xlfn.NUMBERVALUE(MID(Table1[[#This Row],[CI_95perc_FWER]],2,FIND(",",Table1[[#This Row],[CI_95perc_FWER]])-2)) -> 0.01068 | BP26: =_xlfn.NUMBERVALUE(MID(Table1[[#This Row],[CI_95perc_FWER]],FIND(",",Table1[[#This Row],[CI_95perc_FWER]])+1,LEN(Table1[[#This Row],[CI_95perc_FWER]])-FIND(",",Table1[[#This Row],[CI_95perc_FWER]])-1)) -> 0.01372 | BQ26: =_xlfn.CONCAT("(",TEXT(Table1[[#This Row],[LCL_Disj.Pow%]],"0.00%"), ", ",TEXT(Table1[[#This Row],[UCL_Disj.Pow%]],"0.00%"),")") -> (0.00%, 0.00%) | BR26: =_xlfn.CONCAT("(",TEXT(Table1[[#This Row],[LCL_Conj.Pow%]],"0.00%"),", ",TEXT(Table1[[#This Row],[UCL_Conj.Pow%]],"0.00%"),")") -> (0.00%, 0.00%) | BS26: =_xlfn.CONCAT("(",TEXT(Table1[[#This Row],[LCL_FWER%]],"0.00%"),", ",TEXT(Table1[[#This Row],[UCL_FWER%]],"0.00%"),")") -> (1.07%, 1.37%)
A27: 25 | B27: S0, Aggressive, No CC, CER | C27: 6884 | D27: 0.0217481 | E27: 0 | F27: 0 | G27: 0.0217481 | H27: (0.02092,0.02257) | I27: (0,0) | J27: (0,0) | K27: (0.02092,0.02257) | L27: 26363 | M27: 0.0013,0.01815 | N27: 0.50588358 | O27: >>> | P27: CER | Q27: 2000 | R27: 0.025 | S27: NA | T27: NA | U27: UnPooled | V27: CombinationTest | W27: 5 | X27: 2 | Y27: list(EP1 = "Binary", EP2 = "Binary") | Z27: NA | AA27: NA | AB27: list(EP1 = c(0.22, 0.22, 0.22, 0.22, 0.22), EP2 = c(0.1, 0.1, 0.1, 0.1, 0.1)) | AC27: c(1,1,1,1,1) | AD27: matrix(c(1,0.5,0.5,1),nrow = 2) | AE27: c(0.25,0.25,0.25,0.25, 0, 0, 0, 0) | AF27: matrix(c(0,1/12,1/12,1/12,3/4,0,0,0, 1/12,0,1/12,1/12,0,3/4,0,0, 1/12,1/12,0,1/12,0,0,3/4,0, 1/12,1/12,1/12,0,0,0,0,3/4, 0,1/3,1/3,1/3,0,0,0,0, 1/3,0,1/3,1/3,0,0,0,0, 1/3,1/3,0,1/3,0,0,0,0, 1/3,1/3,1/3,0,0,0,0,0), nrow = nEps*(nArms-1), byrow = T) | AG27: Partly-Parametric | AH27: c(1/2,1) | AI27: asOF | AJ27: TRUE | AK27: TRUE | AL27: 1 | AM27: 1 | AN27: pvalue | AO27: threshold | AP27: 0.25 | AQ27: TRUE | AR27: Selection | AS27: 20000 | AT27: 500 | AU27: Random | AV27: FALSE | AW27: FALSE | AX27: TRUE | AY27: FALSE | AZ27: FALSE | BA27: =INDEX(Inp_CER_Bin_2eps3arms!$AN$2:$AN$176,MATCH(Table1[[#This Row],[ModelID]],Inp_CER_Bin_2eps3arms!$A$2:$A$176,0)) -> 0 | BB27: NA | BC27: Aggressive | BD27: S0 | BE27: =Table1[[#This Row],[Global.Power]] -> 0.0217481 | BF27: =Table1[[#This Row],[Conjunctive.Power]] -> 0 | BG27: =Table1[[#This Row],[Disjunctive.Power]] -> 0 | BH27: =Table1[[#This Row],[FWER]] -> 0.0217481 | BI27: =_xlfn.NUMBERVALUE(MID(Table1[[#This Row],[CI_95perc_Global.Power]],2,FIND(",",Table1[[#This Row],[CI_95perc_Global.Power]])-2)) -> 0.02092 | BJ27: =_xlfn.NUMBERVALUE(MID(Table1[[#This Row],[CI_95perc_Global.Power]],FIND(",",Table1[[#This Row],[CI_95perc_Global.Power]])+1,LEN(Table1[[#This Row],[CI_95perc_Global.Power]])-FIND(",",Table1[[#This Row],[CI_95perc_Global.Power]])-1)) -> 0.02257 | BK27: =_xlfn.NUMBERVALUE(MID(Table1[[#This Row],[CI_95perc_Conjunctive.Power]],2,FIND(",",Table1[[#This Row],[CI_95perc_Conjunctive.Power]])-2)) -> 0 | BL27: =_xlfn.NUMBERVALUE(MID(Table1[[#This Row],[CI_95perc_Conjunctive.Power]],FIND(",",Table1[[#This Row],[CI_95perc_Conjunctive.Power]])+1,LEN(Table1[[#This Row],[CI_95perc_Conjunctive.Power]])-FIND(",",Table1[[#This Row],[CI_95perc_Conjunctive.Power]])-1)) -> 0 | BM27: =_xlfn.NUMBERVALUE(MID(Table1[[#This Row],[CI_95perc_Disjunctive.Power]],2,FIND(",",Table1[[#This Row],[CI_95perc_Disjunctive.Power]])-2)) -> 0 | BN27: =_xlfn.NUMBERVALUE(MID(Table1[[#This Row],[CI_95perc_Disjunctive.Power]],FIND(",",Table1[[#This Row],[CI_95perc_Disjunctive.Power]])+1,LEN(Table1[[#This Row],[CI_95perc_Disjunctive.Power]])-FIND(",",Table1[[#This Row],[CI_95perc_Disjunctive.Power]])-1)) -> 0 | BO27: =_xlfn.NUMBERVALUE(MID(Table1[[#This Row],[CI_95perc_FWER]],2,FIND(",",Table1[[#This Row],[CI_95perc_FWER]])-2)) -> 0.02092 | BP27: =_xlfn.NUMBERVALUE(MID(Table1[[#This Row],[CI_95perc_FWER]],FIND(",",Table1[[#This Row],[CI_95perc_FWER]])+1,LEN(Table1[[#This Row],[CI_95perc_FWER]])-FIND(",",Table1[[#This Row],[CI_95perc_FWER]])-1)) -> 0.02257 | BQ27: =_xlfn.CONCAT("(",TEXT(Table1[[#This Row],[LCL_Disj.Pow%]],"0.00%"), ", ",TEXT(Table1[[#This Row],[UCL_Disj.Pow%]],"0.00%"),")") -> (0.00%, 0.00%) | BR27: =_xlfn.CONCAT("(",TEXT(Table1[[#This Row],[LCL_Conj.Pow%]],"0.00%"),", ",TEXT(Table1[[#This Row],[UCL_Conj.Pow%]],"0.00%"),")") -> (0.00%, 0.00%) | BS27: =_xlfn.CONCAT("(",TEXT(Table1[[#This Row],[LCL_FWER%]],"0.00%"),", ",TEXT(Table1[[#This Row],[UCL_FWER%]],"0.00%"),")") -> (2.09%, 2.26%)
A28: 26 | B28: S0, Ultra Aggressive, No CC, CPV | C28: 6689 | D28: 0.02035 | E28: 0 | F28: 0 | G28: 0.02035 | H28: (0.01839,0.02231) | I28: (0,0) | J28: (0,0) | K28: (0.01839,0.02231) | L28: 25382 | M28: 0.00125,0.0191 | N28: 0.082962164 | O28: >>> | P28: CombPValue | Q28: 2000 | R28: 0.025 | S28: NA | T28: NA | U28: UnPooled | V28: CombinationTest | W28: 5 | X28: 2 | Y28: list(EP1 = "Binary", EP2 = "Binary") | Z28: NA | AA28: NA | AB28: list(EP1 = c(0.22, 0.22, 0.22, 0.22, 0.22), EP2 = c(0.1, 0.1, 0.1, 0.1, 0.1)) | AC28: c(1,1,1,1,1) | AD28: matrix(c(1,0.5,0.5,1),nrow = 2) | AE28: c(0.25,0.25,0.25,0.25, 0, 0, 0, 0) | AF28: matrix(c(0,1/12,1/12,1/12,3/4,0,0,0, 1/12,0,1/12,1/12,0,3/4,0,0, 1/12,1/12,0,1/12,0,0,3/4,0, 1/12,1/12,1/12,0,0,0,0,3/4, 0,1/3,1/3,1/3,0,0,0,0, 1/3,0,1/3,1/3,0,0,0,0, 1/3,1/3,0,1/3,0,0,0,0, 1/3,1/3,1/3,0,0,0,0,0), nrow = nEps*(nArms-1), byrow = T) | AG28: Partly-Parametric | AH28: c(1/2,1) | AI28: asOF | AJ28: TRUE | AK28: TRUE | AL28: 1 | AM28: 1 | AN28: pvalue | AO28: best | AP28: 1 | AQ28: TRUE | AR28: Selection | AS28: 20000 | AT28: 500 | AU28: Random | AV28: FALSE | AW28: FALSE | AX28: TRUE | AY28: FALSE | AZ28: FALSE | BA28: =INDEX(Inp_CER_Bin_2eps3arms!$AN$2:$AN$176,MATCH(Table1[[#This Row],[ModelID]],Inp_CER_Bin_2eps3arms!$A$2:$A$176,0)) -> 0 | BB28: NA | BC28: Ultra Aggressive | BD28: S0 | BE28: =Table1[[#This Row],[Global.Power]] -> 0.02035 | BF28: =Table1[[#This Row],[Conjunctive.Power]] -> 0 | BG28: =Table1[[#This Row],[Disjunctive.Power]] -> 0 | BH28: =Table1[[#This Row],[FWER]] -> 0.02035 | BI28: =_xlfn.NUMBERVALUE(MID(Table1[[#This Row],[CI_95perc_Global.Power]],2,FIND(",",Table1[[#This Row],[CI_95perc_Global.Power]])-2)) -> 0.01839 | BJ28: =_xlfn.NUMBERVALUE(MID(Table1[[#This Row],[CI_95perc_Global.Power]],FIND(",",Table1[[#This Row],[CI_95perc_Global.Power]])+1,LEN(Table1[[#This Row],[CI_95perc_Global.Power]])-FIND(",",Table1[[#This Row],[CI_95perc_Global.Power]])-1)) -> 0.02231 | BK28: =_xlfn.NUMBERVALUE(MID(Table1[[#This Row],[CI_95perc_Conjunctive.Power]],2,FIND(",",Table1[[#This Row],[CI_95perc_Conjunctive.Power]])-2)) -> 0 | BL28: =_xlfn.NUMBERVALUE(MID(Table1[[#This Row],[CI_95perc_Conjunctive.Power]],FIND(",",Table1[[#This Row],[CI_95perc_Conjunctive.Power]])+1,LEN(Table1[[#This Row],[CI_95perc_Conjunctive.Power]])-FIND(",",Table1[[#This Row],[CI_95perc_Conjunctive.Power]])-1)) -> 0 | BM28: =_xlfn.NUMBERVALUE(MID(Table1[[#This Row],[CI_95perc_Disjunctive.Power]],2,FIND(",",Table1[[#This Row],[CI_95perc_Disjunctive.Power]])-2)) -> 0 | BN28: =_xlfn.NUMBERVALUE(MID(Table1[[#This Row],[CI_95perc_Disjunctive.Power]],FIND(",",Table1[[#This Row],[CI_95perc_Disjunctive.Power]])+1,LEN(Table1[[#This Row],[CI_95perc_Disjunctive.Power]])-FIND(",",Table1[[#This Row],[CI_95perc_Disjunctive.Power]])-1)) -> 0 | BO28: =_xlfn.NUMBERVALUE(MID(Table1[[#This Row],[CI_95perc_FWER]],2,FIND(",",Table1[[#This Row],[CI_95perc_FWER]])-2)) -> 0.01839 | BP28: =_xlfn.NUMBERVALUE(MID(Table1[[#This Row],[CI_95perc_FWER]],FIND(",",Table1[[#This Row],[CI_95perc_FWER]])+1,LEN(Table1[[#This Row],[CI_95perc_FWER]])-FIND(",",Table1[[#This Row],[CI_95perc_FWER]])-1)) -> 0.02231 | BQ28: =_xlfn.CONCAT("(",TEXT(Table1[[#This Row],[LCL_Disj.Pow%]],"0.00%"), ", ",TEXT(Table1[[#This Row],[UCL_Disj.Pow%]],"0.00%"),")") -> (0.00%, 0.00%) | BR28: =_xlfn.CONCAT("(",TEXT(Table1[[#This Row],[LCL_Conj.Pow%]],"0.00%"),", ",TEXT(Table1[[#This Row],[UCL_Conj.Pow%]],"0.00%"),")") -> (0.00%, 0.00%) | BS28: =_xlfn.CONCAT("(",TEXT(Table1[[#This Row],[LCL_FWER%]],"0.00%"),", ",TEXT(Table1[[#This Row],[UCL_FWER%]],"0.00%"),")") -> (1.84%, 2.23%)
A29: 27 | B29: S0, Ultra Aggressive, No CC, CER | C29: 8986 | D29: 0.0210502 | E29: 0 | F29: 0 | G29: 0.0210502 | H29: (0.02024,0.02186) | I29: (0,0) | J29: (0,0) | K29: (0.02024,0.02186) | L29: 28398 | M29: 0.0014,0.0199 | N29: 0.73913109 | O29: >>> | P29: CER | Q29: 2000 | R29: 0.025 | S29: NA | T29: NA | U29: UnPooled | V29: CombinationTest | W29: 5 | X29: 2 | Y29: list(EP1 = "Binary", EP2 = "Binary") | Z29: NA | AA29: NA | AB29: list(EP1 = c(0.22, 0.22, 0.22, 0.22, 0.22), EP2 = c(0.1, 0.1, 0.1, 0.1, 0.1)) | AC29: c(1,1,1,1,1) | AD29: matrix(c(1,0.5,0.5,1),nrow = 2) | AE29: c(0.25,0.25,0.25,0.25, 0, 0, 0, 0) | AF29: matrix(c(0,1/12,1/12,1/12,3/4,0,0,0, 1/12,0,1/12,1/12,0,3/4,0,0, 1/12,1/12,0,1/12,0,0,3/4,0, 1/12,1/12,1/12,0,0,0,0,3/4, 0,1/3,1/3,1/3,0,0,0,0, 1/3,0,1/3,1/3,0,0,0,0, 1/3,1/3,0,1/3,0,0,0,0, 1/3,1/3,1/3,0,0,0,0,0), nrow = nEps*(nArms-1), byrow = T) | AG29: Partly-Parametric | AH29: c(1/2,1) | AI29: asOF | AJ29: TRUE | AK29: TRUE | AL29: 1 | AM29: 1 | AN29: pvalue | AO29: best | AP29: 1 | AQ29: TRUE | AR29: Selection | AS29: 20000 | AT29: 500 | AU29: Random | AV29: FALSE | AW29: FALSE | AX29: TRUE | AY29: FALSE | AZ29: FALSE | BA29: =INDEX(Inp_CER_Bin_2eps3arms!$AN$2:$AN$176,MATCH(Table1[[#This Row],[ModelID]],Inp_CER_Bin_2eps3arms!$A$2:$A$176,0)) -> 0 | BB29: NA | BC29: Ultra Aggressive | BD29: S0 | BE29: =Table1[[#This Row],[Global.Power]] -> 0.0210502 | BF29: =Table1[[#This Row],[Conjunctive.Power]] -> 0 | BG29: =Table1[[#This Row],[Disjunctive.Power]] -> 0 | BH29: =Table1[[#This Row],[FWER]] -> 0.0210502 | BI29: =_xlfn.NUMBERVALUE(MID(Table1[[#This Row],[CI_95perc_Global.Power]],2,FIND(",",Table1[[#This Row],[CI_95perc_Global.Power]])-2)) -> 0.02024 | BJ29: =_xlfn.NUMBERVALUE(MID(Table1[[#This Row],[CI_95perc_Global.Power]],FIND(",",Table1[[#This Row],[CI_95perc_Global.Power]])+1,LEN(Table1[[#This Row],[CI_95perc_Global.Power]])-FIND(",",Table1[[#This Row],[CI_95perc_Global.Power]])-1)) -> 0.02186 | BK29: =_xlfn.NUMBERVALUE(MID(Table1[[#This Row],[CI_95perc_Conjunctive.Power]],2,FIND(",",Table1[[#This Row],[CI_95perc_Conjunctive.Power]])-2)) -> 0 | BL29: =_xlfn.NUMBERVALUE(MID(Table1[[#This Row],[CI_95perc_Conjunctive.Power]],FIND(",",Table1[[#This Row],[CI_95perc_Conjunctive.Power]])+1,LEN(Table1[[#This Row],[CI_95perc_Conjunctive.Power]])-FIND(",",Table1[[#This Row],[CI_95perc_Conjunctive.Power]])-1)) -> 0 | BM29: =_xlfn.NUMBERVALUE(MID(Table1[[#This Row],[CI_95perc_Disjunctive.Power]],2,FIND(",",Table1[[#This Row],[CI_95perc_Disjunctive.Power]])-2)) -> 0 | BN29: =_xlfn.NUMBERVALUE(MID(Table1[[#This Row],[CI_95perc_Disjunctive.Power]],FIND(",",Table1[[#This Row],[CI_95perc_Disjunctive.Power]])+1,LEN(Table1[[#This Row],[CI_95perc_Disjunctive.Power]])-FIND(",",Table1[[#This Row],[CI_95perc_Disjunctive.Power]])-1)) -> 0 | BO29: =_xlfn.NUMBERVALUE(MID(Table1[[#This Row],[CI_95perc_FWER]],2,FIND(",",Table1[[#This Row],[CI_95perc_FWER]])-2)) -> 0.02024 | BP29: =_xlfn.NUMBERVALUE(MID(Table1[[#This Row],[CI_95perc_FWER]],FIND(",",Table1[[#This Row],[CI_95perc_FWER]])+1,LEN(Table1[[#This Row],[CI_95perc_FWER]])-FIND(",",Table1[[#This Row],[CI_95perc_FWER]])-1)) -> 0.02186 | BQ29: =_xlfn.CONCAT("(",TEXT(Table1[[#This Row],[LCL_Disj.Pow%]],"0.00%"), ", ",TEXT(Table1[[#This Row],[UCL_Disj.Pow%]],"0.00%"),")") -> (0.00%, 0.00%) | BR29: =_xlfn.CONCAT("(",TEXT(Table1[[#This Row],[LCL_Conj.Pow%]],"0.00%"),", ",TEXT(Table1[[#This Row],[UCL_Conj.Pow%]],"0.00%"),")") -> (0.00%, 0.00%) | BS29: =_xlfn.CONCAT("(",TEXT(Table1[[#This Row],[LCL_FWER%]],"0.00%"),", ",TEXT(Table1[[#This Row],[UCL_FWER%]],"0.00%"),")") -> (2.02%, 2.19%)
A30: 28 | B30: S1, No drop, No CC, CPV | C30: 6219 | D30: 0.96822374 | E30: 0.91720128 | F30: 0.96822374 | G30: 0.012028869 | H30: (0.96579,0.97066) | I30: (0.91338,0.92103) | J30: (0.96579,0.97066) | K30: (0.01052,0.01354) | L30: 97169602 | M30: 0.4858,0.4801 | N30: 0.089947459 | O30: >>> | P30: CombPValue | Q30: 2000 | R30: 0.025 | S30: NA | T30: NA | U30: UnPooled | V30: CombinationTest | W30: 5 | X30: 2 | Y30: list(EP1 = "Binary", EP2 = "Binary") | Z30: NA | AA30: NA | AB30: list(EP1 = c(0.1, 0.1, 0.1, 0.1, 0.22), EP2 = c(0.1, 0.1, 0.1, 0.1, 0.22)) | AC30: c(1,1,1,1,1) | AD30: matrix(c(1, 0.5, 0.5, 1), byrow = T, nrow = 2) | AE30: c(0.25,0.25,0.25,0.25, 0, 0, 0, 0) | AF30: matrix(c(0,1/12,1/12,1/12,3/4,0,0,0, 1/12,0,1/12,1/12,0,3/4,0,0, 1/12,1/12,0,1/12,0,0,3/4,0, 1/12,1/12,1/12,0,0,0,0,3/4, 0,1/3,1/3,1/3,0,0,0,0, 1/3,0,1/3,1/3,0,0,0,0, 1/3,1/3,0,1/3,0,0,0,0, 1/3,1/3,1/3,0,0,0,0,0), nrow = nEps*(nArms-1), byrow = T) | AG30: Partly-Parametric | AH30: c(0.5, 1) | AI30: asOF | AJ30: TRUE | AK30: FALSE | AL30: NA | AM30: NA | AN30: NA | AO30: NA | AP30: NA | AQ30: NA | AR30: None | AS30: 20000 | AT30: 500 | AU30: Random | AV30: FALSE | AW30: FALSE | AX30: TRUE | AY30: FALSE | AZ30: FALSE | BA30: =INDEX(Inp_CER_Bin_2eps3arms!$AN$2:$AN$176,MATCH(Table1[[#This Row],[ModelID]],Inp_CER_Bin_2eps3arms!$A$2:$A$176,0)) -> 0 | BB30: NA | BC30: No drop | BD30: S1 | BE30: =Table1[[#This Row],[Global.Power]] -> 0.96822374 | BF30: =Table1[[#This Row],[Conjunctive.Power]] -> 0.91720128 | BG30: =Table1[[#This Row],[Disjunctive.Power]] -> 0.96822374 | BH30: =Table1[[#This Row],[FWER]] -> 0.012028869 | BI30: =_xlfn.NUMBERVALUE(MID(Table1[[#This Row],[CI_95perc_Global.Power]],2,FIND(",",Table1[[#This Row],[CI_95perc_Global.Power]])-2)) -> 0.96579 | BJ30: =_xlfn.NUMBERVALUE(MID(Table1[[#This Row],[CI_95perc_Global.Power]],FIND(",",Table1[[#This Row],[CI_95perc_Global.Power]])+1,LEN(Table1[[#This Row],[CI_95perc_Global.Power]])-FIND(",",Table1[[#This Row],[CI_95perc_Global.Power]])-1)) -> 0.97066 | BK30: =_xlfn.NUMBERVALUE(MID(Table1[[#This Row],[CI_95perc_Conjunctive.Power]],2,FIND(",",Table1[[#This Row],[CI_95perc_Conjunctive.Power]])-2)) -> 0.91338 | BL30: =_xlfn.NUMBERVALUE(MID(Table1[[#This Row],[CI_95perc_Conjunctive.Power]],FIND(",",Table1[[#This Row],[CI_95perc_Conjunctive.Power]])+1,LEN(Table1[[#This Row],[CI_95perc_Conjunctive.Power]])-FIND(",",Table1[[#This Row],[CI_95perc_Conjunctive.Power]])-1)) -> 0.92103 | BM30: =_xlfn.NUMBERVALUE(MID(Table1[[#This Row],[CI_95perc_Disjunctive.Power]],2,FIND(",",Table1[[#This Row],[CI_95perc_Disjunctive.Power]])-2)) -> 0.96579 | BN30: =_xlfn.NUMBERVALUE(MID(Table1[[#This Row],[CI_95perc_Disjunctive.Power]],FIND(",",Table1[[#This Row],[CI_95perc_Disjunctive.Power]])+1,LEN(Table1[[#This Row],[CI_95perc_Disjunctive.Power]])-FIND(",",Table1[[#This Row],[CI_95perc_Disjunctive.Power]])-1)) -> 0.97066 | BO30: =_xlfn.NUMBERVALUE(MID(Table1[[#This Row],[CI_95perc_FWER]],2,FIND(",",Table1[[#This Row],[CI_95perc_FWER]])-2)) -> 0.01052 | BP30: =_xlfn.NUMBERVALUE(MID(Table1[[#This Row],[CI_95perc_FWER]],FIND(",",Table1[[#This Row],[CI_95perc_FWER]])+1,LEN(Table1[[#This Row],[CI_95perc_FWER]])-FIND(",",Table1[[#This Row],[CI_95perc_FWER]])-1)) -> 0.01354 | BQ30: =_xlfn.CONCAT("(",TEXT(Table1[[#This Row],[LCL_Disj.Pow%]],"0.00%"), ", ",TEXT(Table1[[#This Row],[UCL_Disj.Pow%]],"0.00%"),")") -> (96.58%, 97.07%) | BR30: =_xlfn.CONCAT("(",TEXT(Table1[[#This Row],[LCL_Conj.Pow%]],"0.00%"),", ",TEXT(Table1[[#This Row],[UCL_Conj.Pow%]],"0.00%"),")") -> (91.34%, 92.10%) | BS30: =_xlfn.CONCAT("(",TEXT(Table1[[#This Row],[LCL_FWER%]],"0.00%"),", ",TEXT(Table1[[#This Row],[UCL_FWER%]],"0.00%"),")") -> (1.05%, 1.35%)
A31: 29 | B31: S1, No drop, No CC, CER | C31: 1935 | D31: 0.9871589 | E31: 0.9710132 | F31: 0.9871575 | G31: 0.0232853 | H31: (0.98658,0.98774) | I31: (0.9701,0.97192) | J31: (0.98658,0.98774) | K31: (0.02241,0.02416) | L31: 99179810 | M31: 0.49585,0.4905 | N31: 1.2656847 | O31: >>> | P31: CER | Q31: 2000 | R31: 0.025 | S31: NA | T31: NA | U31: UnPooled | V31: CombinationTest | W31: 5 | X31: 2 | Y31: list(EP1 = "Binary", EP2 = "Binary") | Z31: NA | AA31: NA | AB31: list(EP1 = c(0.1, 0.1, 0.1, 0.1, 0.22), EP2 = c(0.1, 0.1, 0.1, 0.1, 0.22)) | AC31: c(1,1,1,1,1) | AD31: matrix(c(1, 0.5, 0.5, 1), byrow = T, nrow = 2) | AE31: c(0.25,0.25,0.25,0.25, 0, 0, 0, 0) | AF31: matrix(c(0,1/12,1/12,1/12,3/4,0,0,0, 1/12,0,1/12,1/12,0,3/4,0,0, 1/12,1/12,0,1/12,0,0,3/4,0, 1/12,1/12,1/12,0,0,0,0,3/4, 0,1/3,1/3,1/3,0,0,0,0, 1/3,0,1/3,1/3,0,0,0,0, 1/3,1/3,0,1/3,0,0,0,0, 1/3,1/3,1/3,0,0,0,0,0), nrow = nEps*(nArms-1), byrow = T) | AG31: Partly-Parametric | AH31: c(0.5, 1) | AI31: asOF | AJ31: TRUE | AK31: FALSE | AL31: NA | AM31: NA | AN31: NA | AO31: NA | AP31: NA | AQ31: NA | AR31: None | AS31: 20000 | AT31: 500 | AU31: Random | AV31: FALSE | AW31: FALSE | AX31: TRUE | AY31: FALSE | AZ31: FALSE | BA31: =INDEX(Inp_CER_Bin_2eps3arms!$AN$2:$AN$176,MATCH(Table1[[#This Row],[ModelID]],Inp_CER_Bin_2eps3arms!$A$2:$A$176,0)) -> 0 | BB31: NA | BC31: No drop | BD31: S1 | BE31: =Table1[[#This Row],[Global.Power]] -> 0.9871589 | BF31: =Table1[[#This Row],[Conjunctive.Power]] -> 0.9710132 | BG31: =Table1[[#This Row],[Disjunctive.Power]] -> 0.9871575 | BH31: =Table1[[#This Row],[FWER]] -> 0.0232853 | BI31: =_xlfn.NUMBERVALUE(MID(Table1[[#This Row],[CI_95perc_Global.Power]],2,FIND(",",Table1[[#This Row],[CI_95perc_Global.Power]])-2)) -> 0.98658 | BJ31: =_xlfn.NUMBERVALUE(MID(Table1[[#This Row],[CI_95perc_Global.Power]],FIND(",",Table1[[#This Row],[CI_95perc_Global.Power]])+1,LEN(Table1[[#This Row],[CI_95perc_Global.Power]])-FIND(",",Table1[[#This Row],[CI_95perc_Global.Power]])-1)) -> 0.98774 | BK31: =_xlfn.NUMBERVALUE(MID(Table1[[#This Row],[CI_95perc_Conjunctive.Power]],2,FIND(",",Table1[[#This Row],[CI_95perc_Conjunctive.Power]])-2)) -> 0.9701 | BL31: =_xlfn.NUMBERVALUE(MID(Table1[[#This Row],[CI_95perc_Conjunctive.Power]],FIND(",",Table1[[#This Row],[CI_95perc_Conjunctive.Power]])+1,LEN(Table1[[#This Row],[CI_95perc_Conjunctive.Power]])-FIND(",",Table1[[#This Row],[CI_95perc_Conjunctive.Power]])-1)) -> 0.97192 | BM31: =_xlfn.NUMBERVALUE(MID(Table1[[#This Row],[CI_95perc_Disjunctive.Power]],2,FIND(",",Table1[[#This Row],[CI_95perc_Disjunctive.Power]])-2)) -> 0.98658 | BN31: =_xlfn.NUMBERVALUE(MID(Table1[[#This Row],[CI_95perc_Disjunctive.Power]],FIND(",",Table1[[#This Row],[CI_95perc_Disjunctive.Power]])+1,LEN(Table1[[#This Row],[CI_95perc_Disjunctive.Power]])-FIND(",",Table1[[#This Row],[CI_95perc_Disjunctive.Power]])-1)) -> 0.98774 | BO31: =_xlfn.NUMBERVALUE(MID(Table1[[#This Row],[CI_95perc_FWER]],2,FIND(",",Table1[[#This Row],[CI_95perc_FWER]])-2)) -> 0.02241 | BP31: =_xlfn.NUMBERVALUE(MID(Table1[[#This Row],[CI_95perc_FWER]],FIND(",",Table1[[#This Row],[CI_95perc_FWER]])+1,LEN(Table1[[#This Row],[CI_95perc_FWER]])-FIND(",",Table1[[#This Row],[CI_95perc_FWER]])-1)) -> 0.02416 | BQ31: =_xlfn.CONCAT("(",TEXT(Table1[[#This Row],[LCL_Disj.Pow%]],"0.00%"), ", ",TEXT(Table1[[#This Row],[UCL_Disj.Pow%]],"0.00%"),")") -> (98.66%, 98.77%) | BR31: =_xlfn.CONCAT("(",TEXT(Table1[[#This Row],[LCL_Conj.Pow%]],"0.00%"),", ",TEXT(Table1[[#This Row],[UCL_Conj.Pow%]],"0.00%"),")") -> (97.01%, 97.19%) | BS31: =_xlfn.CONCAT("(",TEXT(Table1[[#This Row],[LCL_FWER%]],"0.00%"),", ",TEXT(Table1[[#This Row],[UCL_FWER%]],"0.00%"),")") -> (2.24%, 2.42%)
A32: 30 | B32: S1, Conservative, No CC, CPV | C32: 5069 | D32: 0.98767967 | E32: 0.95287224 | F32: 0.98767967 | G32: 0.012220163 | H32: (0.98615,0.98921) | I32: (0.94993,0.95581) | J32: (0.98615,0.98921) | K32: (0.0107,0.01374) | L32: 97389983 | M32: 0.4869,0.49915 | N32: 0.085714512 | O32: >>> | P32: CombPValue | Q32: 2000 | R32: 0.025 | S32: NA | T32: NA | U32: UnPooled | V32: CombinationTest | W32: 5 | X32: 2 | Y32: list(EP1 = "Binary", EP2 = "Binary") | Z32: NA | AA32: NA | AB32: list(EP1 = c(0.1, 0.1, 0.1, 0.1, 0.22), EP2 = c(0.1, 0.1, 0.1, 0.1, 0.22)) | AC32: c(1,1,1,1,1) | AD32: matrix(c(1,0.5,0.5,1),nrow = 2) | AE32: c(0.25,0.25,0.25,0.25, 0, 0, 0, 0) | AF32: matrix(c(0,1/12,1/12,1/12,3/4,0,0,0, 1/12,0,1/12,1/12,0,3/4,0,0, 1/12,1/12,0,1/12,0,0,3/4,0, 1/12,1/12,1/12,0,0,0,0,3/4, 0,1/3,1/3,1/3,0,0,0,0, 1/3,0,1/3,1/3,0,0,0,0, 1/3,1/3,0,1/3,0,0,0,0, 1/3,1/3,1/3,0,0,0,0,0), nrow = nEps*(nArms-1), byrow = T) | AG32: Partly-Parametric | AH32: c(1/2,1) | AI32: asOF | AJ32: TRUE | AK32: TRUE | AL32: 1 | AM32: 1 | AN32: pvalue | AO32: threshold | AP32: 0.75 | AQ32: TRUE | AR32: Selection | AS32: 20000 | AT32: 500 | AU32: Random | AV32: FALSE | AW32: FALSE | AX32: TRUE | AY32: FALSE | AZ32: FALSE | BA32: =INDEX(Inp_CER_Bin_2eps3arms!$AN$2:$AN$176,MATCH(Table1[[#This Row],[ModelID]],Inp_CER_Bin_2eps3arms!$A$2:$A$176,0)) -> 0 | BB32: NA | BC32: Conservative | BD32: S1 | BE32: =Table1[[#This Row],[Global.Power]] -> 0.98767967 | BF32: =Table1[[#This Row],[Conjunctive.Power]] -> 0.95287224 | BG32: =Table1[[#This Row],[Disjunctive.Power]] -> 0.98767967 | BH32: =Table1[[#This Row],[FWER]] -> 0.012220163 | BI32: =_xlfn.NUMBERVALUE(MID(Table1[[#This Row],[CI_95perc_Global.Power]],2,FIND(",",Table1[[#This Row],[CI_95perc_Global.Power]])-2)) -> 0.98615 | BJ32: =_xlfn.NUMBERVALUE(MID(Table1[[#This Row],[CI_95perc_Global.Power]],FIND(",",Table1[[#This Row],[CI_95perc_Global.Power]])+1,LEN(Table1[[#This Row],[CI_95perc_Global.Power]])-FIND(",",Table1[[#This Row],[CI_95perc_Global.Power]])-1)) -> 0.98921 | BK32: =_xlfn.NUMBERVALUE(MID(Table1[[#This Row],[CI_95perc_Conjunctive.Power]],2,FIND(",",Table1[[#This Row],[CI_95perc_Conjunctive.Power]])-2)) -> 0.94993 | BL32: =_xlfn.NUMBERVALUE(MID(Table1[[#This Row],[CI_95perc_Conjunctive.Power]],FIND(",",Table1[[#This Row],[CI_95perc_Conjunctive.Power]])+1,LEN(Table1[[#This Row],[CI_95perc_Conjunctive.Power]])-FIND(",",Table1[[#This Row],[CI_95perc_Conjunctive.Power]])-1)) -> 0.95581 | BM32: =_xlfn.NUMBERVALUE(MID(Table1[[#This Row],[CI_95perc_Disjunctive.Power]],2,FIND(",",Table1[[#This Row],[CI_95perc_Disjunctive.Power]])-2)) -> 0.98615 | BN32: =_xlfn.NUMBERVALUE(MID(Table1[[#This Row],[CI_95perc_Disjunctive.Power]],FIND(",",Table1[[#This Row],[CI_95perc_Disjunctive.Power]])+1,LEN(Table1[[#This Row],[CI_95perc_Disjunctive.Power]])-FIND(",",Table1[[#This Row],[CI_95perc_Disjunctive.Power]])-1)) -> 0.98921 | BO32: =_xlfn.NUMBERVALUE(MID(Table1[[#This Row],[CI_95perc_FWER]],2,FIND(",",Table1[[#This Row],[CI_95perc_FWER]])-2)) -> 0.0107 | BP32: =_xlfn.NUMBERVALUE(MID(Table1[[#This Row],[CI_95perc_FWER]],FIND(",",Table1[[#This Row],[CI_95perc_FWER]])+1,LEN(Table1[[#This Row],[CI_95perc_FWER]])-FIND(",",Table1[[#This Row],[CI_95perc_FWER]])-1)) -> 0.01374 | BQ32: =_xlfn.CONCAT("(",TEXT(Table1[[#This Row],[LCL_Disj.Pow%]],"0.00%"), ", ",TEXT(Table1[[#This Row],[UCL_Disj.Pow%]],"0.00%"),")") -> (98.62%, 98.92%) | BR32: =_xlfn.CONCAT("(",TEXT(Table1[[#This Row],[LCL_Conj.Pow%]],"0.00%"),", ",TEXT(Table1[[#This Row],[UCL_Conj.Pow%]],"0.00%"),")") -> (94.99%, 95.58%) | BS32: =_xlfn.CONCAT("(",TEXT(Table1[[#This Row],[LCL_FWER%]],"0.00%"),", ",TEXT(Table1[[#This Row],[UCL_FWER%]],"0.00%"),")") -> (1.07%, 1.37%)
A33: 31 | B33: S1, Conservative, No CC, CER | C33: 6881 | D33: 0.9957707 | E33: 0.9860167 | F33: 0.9957698 | G33: 0.0225388 | H33: (0.9955,0.99604) | I33: (0.98544,0.98659) | J33: (0.9955,0.99604) | K33: (0.02171,0.02337) | L33: 985110075 | M33: 0.49255,0.50375 | N33: 1.0470356 | O33: >>> | P33: CER | Q33: 2000 | R33: 0.025 | S33: NA | T33: NA | U33: UnPooled | V33: CombinationTest | W33: 5 | X33: 2 | Y33: list(EP1 = "Binary", EP2 = "Binary") | Z33: NA | AA33: NA | AB33: list(EP1 = c(0.1, 0.1, 0.1, 0.1, 0.22), EP2 = c(0.1, 0.1, 0.1, 0.1, 0.22)) | AC33: c(1,1,1,1,1) | AD33: matrix(c(1,0.5,0.5,1),nrow = 2) | AE33: c(0.25,0.25,0.25,0.25, 0, 0, 0, 0) | AF33: matrix(c(0,1/12,1/12,1/12,3/4,0,0,0, 1/12,0,1/12,1/12,0,3/4,0,0, 1/12,1/12,0,1/12,0,0,3/4,0, 1/12,1/12,1/12,0,0,0,0,3/4, 0,1/3,1/3,1/3,0,0,0,0, 1/3,0,1/3,1/3,0,0,0,0, 1/3,1/3,0,1/3,0,0,0,0, 1/3,1/3,1/3,0,0,0,0,0), nrow = nEps*(nArms-1), byrow = T) | AG33: Partly-Parametric | AH33: c(1/2,1) | AI33: asOF | AJ33: TRUE | AK33: TRUE | AL33: 1 | AM33: 1 | AN33: pvalue | AO33: threshold | AP33: 0.75 | AQ33: TRUE | AR33: Selection | AS33: 20000 | AT33: 500 | AU33: Random | AV33: FALSE | AW33: FALSE | AX33: TRUE | AY33: FALSE | AZ33: FALSE | BA33: =INDEX(Inp_CER_Bin_2eps3arms!$AN$2:$AN$176,MATCH(Table1[[#This Row],[ModelID]],Inp_CER_Bin_2eps3arms!$A$2:$A$176,0)) -> 0 | BB33: NA | BC33: Conservative | BD33: S1 | BE33: =Table1[[#This Row],[Global.Power]] -> 0.9957707 | BF33: =Table1[[#This Row],[Conjunctive.Power]] -> 0.9860167 | BG33: =Table1[[#This Row],[Disjunctive.Power]] -> 0.9957698 | BH33: =Table1[[#This Row],[FWER]] -> 0.0225388 | BI33: =_xlfn.NUMBERVALUE(MID(Table1[[#This Row],[CI_95perc_Global.Power]],2,FIND(",",Table1[[#This Row],[CI_95perc_Global.Power]])-2)) -> 0.9955 | BJ33: =_xlfn.NUMBERVALUE(MID(Table1[[#This Row],[CI_95perc_Global.Power]],FIND(",",Table1[[#This Row],[CI_95perc_Global.Power]])+1,LEN(Table1[[#This Row],[CI_95perc_Global.Power]])-FIND(",",Table1[[#This Row],[CI_95perc_Global.Power]])-1)) -> 0.99604 | BK33: =_xlfn.NUMBERVALUE(MID(Table1[[#This Row],[CI_95perc_Conjunctive.Power]],2,FIND(",",Table1[[#This Row],[CI_95perc_Conjunctive.Power]])-2)) -> 0.98544 | BL33: =_xlfn.NUMBERVALUE(MID(Table1[[#This Row],[CI_95perc_Conjunctive.Power]],FIND(",",Table1[[#This Row],[CI_95perc_Conjunctive.Power]])+1,LEN(Table1[[#This Row],[CI_95perc_Conjunctive.Power]])-FIND(",",Table1[[#This Row],[CI_95perc_Conjunctive.Power]])-1)) -> 0.98659 | BM33: =_xlfn.NUMBERVALUE(MID(Table1[[#This Row],[CI_95perc_Disjunctive.Power]],2,FIND(",",Table1[[#This Row],[CI_95perc_Disjunctive.Power]])-2)) -> 0.9955 | BN33: =_xlfn.NUMBERVALUE(MID(Table1[[#This Row],[CI_95perc_Disjunctive.Power]],FIND(",",Table1[[#This Row],[CI_95perc_Disjunctive.Power]])+1,LEN(Table1[[#This Row],[CI_95perc_Disjunctive.Power]])-FIND(",",Table1[[#This Row],[CI_95perc_Disjunctive.Power]])-1)) -> 0.99604 | BO33: =_xlfn.NUMBERVALUE(MID(Table1[[#This Row],[CI_95perc_FWER]],2,FIND(",",Table1[[#This Row],[CI_95perc_FWER]])-2)) -> 0.02171 | BP33: =_xlfn.NUMBERVALUE(MID(Table1[[#This Row],[CI_95perc_FWER]],FIND(",",Table1[[#This Row],[CI_95perc_FWER]])+1,LEN(Table1[[#This Row],[CI_95perc_FWER]])-FIND(",",Table1[[#This Row],[CI_95perc_FWER]])-1)) -> 0.02337 | BQ33: =_xlfn.CONCAT("(",TEXT(Table1[[#This Row],[LCL_Disj.Pow%]],"0.00%"), ", ",TEXT(Table1[[#This Row],[UCL_Disj.Pow%]],"0.00%"),")") -> (99.55%, 99.60%) | BR33: =_xlfn.CONCAT("(",TEXT(Table1[[#This Row],[LCL_Conj.Pow%]],"0.00%"),", ",TEXT(Table1[[#This Row],[UCL_Conj.Pow%]],"0.00%"),")") -> (98.54%, 98.66%) | BS33: =_xlfn.CONCAT("(",TEXT(Table1[[#This Row],[LCL_FWER%]],"0.00%"),", ",TEXT(Table1[[#This Row],[UCL_FWER%]],"0.00%"),")") -> (2.17%, 2.34%)
